"","Control_1","Control_2","Control_3","Heat_treated_42_12h_1","Heat_treated_42_12h_2","Heat_treated_42_12h_3"
"g9",978.055357644386,945.278309461208,943.381977620835,878.77569921689,790.461606835885,751.24457627548
"g10",172.358034871638,79.3111557206477,58.6876439188449,212.562498972881,459.113579814093,235.835911502006
"g11",257.007247264218,1059.63392933749,1009.95303639445,370.834143229745,466.133665132351,547.996899817388
"g12",317.179578964968,803.256007356792,717.390751784089,497.819532226531,551.778706015103,466.526312207604
"g13",26.5166207494828,52.5666962334525,57.8117089349815,73.6147182590065,88.4530750100547,72.0371511497036
"g14",55.0729815566182,99.6000560212785,91.097238321789,125.145021040311,130.573586919604,131.210525308389
"g15",83.6293423637535,168.766761591611,91.097238321789,56.1312226724924,44.9285460368532,81.4705876097838
"g16",2.03974005765253,0,0,17.483495586514,0,5.1455107964074
"g17",5.09935014413131,0,1.75186996772671,1.84036795647516,2.80803412730332,0
"g18",2415.05222826059,2632.02370263638,2517.43714362329,2267.3333223774,2486.51421972709,2258.87923962285
"g19",367.153210377455,345.833527851661,338.986838755119,314.702920557253,346.79221472196,229.832815572864
"g20",412.02749164581,733.167079045522,659.579042849107,54.2908547160173,138.997689301514,135.498450972061
"g21",1978.54785592295,3149.39066030246,3343.44383340643,1354.51081596572,2312.41610383429,1411.5851284811
"g22",628.239937756978,890.86716774588,1043.23856578126,196.919371342842,146.017774619773,271.854487076858
"g23",96.8876527384949,128.188960990349,125.25870269246,49.6899348248294,68.7968361189314,81.4705876097838
"g24",116.265183286194,93.1444968347141,166.427646934038,202.440475212268,91.261109137358,251.272443891228
"g25",268.225817581307,120.811179062847,123.506832724733,103.060605562609,42.1205119095498,90.904024069864
"g26",61.1922017295758,42.4222460831371,37.6652043061243,27.6055193471274,9.82811944556163,34.3034053093827
"g27",293.722568301964,268.366817612889,290.810414642634,128.825756953261,276.591361539377,148.36222796308
"g29",155.020244381592,120.811179062847,93.7250432733791,69.9339823460562,50.5446142914598,70.3219808842344
"g30",298.821918446095,276.666822281329,277.671389884684,150.910172430963,60.3727337370214,294.151700527956
"g31",146.861284150982,59.9444781609546,86.7175634024723,65.3330624548682,74.412904373538,136.356036104796
"g32",352.875029973887,117.122288099096,140.149597418137,104.900973519084,136.189655174211,241.839007431148
"g33",2993.31853460508,3216.71292039092,3159.49748679513,2696.13905623611,2506.17045861822,2485.28171466477
"g36",778.160831994438,1150.93398069033,1434.78150356818,387.397454838022,207.794525420446,666.343648134758
"g37",152.980504323939,346.755750592599,247.013665449466,111.342261366747,99.6852115192679,137.213621237531
"g38",519.113844672568,416.844678903869,453.734321641219,2601.36010647764,2094.79345896828,3020.41483749114
"g39",518.093974643741,296.95572258196,333.731228851939,612.842529506229,714.644685398696,568.578943003017
"g40",22039.3913229355,4780.80268902137,8457.15226920071,14895.93823971,35603.0647000788,11543.95347174
"g41",2680.21843575542,2453.11249089445,2575.24885255827,4922.06409959282,7015.87326706735,3647.30956952011
"g43",11.2185703170889,38.7333551193861,29.7817894513541,6.44128784766307,4.21205119095498,0.857585132734566
"g44",42.834541210703,126.344515508474,93.7250432733791,9.20183978237581,11.2321365092133,7.7182661946111
"g45",44.8742812683556,83.9222694253365,71.8266686767952,45.0890149336415,25.2723071457299,52.3126930968085
"g46",777.140961965612,613.278122723613,676.221807542511,761.912333980717,592.495200861001,752.102161408215
"g49",103.006872911453,80.2333784615854,59.5635789027082,161.952380169814,105.301279773875,81.4705876097838
"g50",118.304923343846,118.044510840034,110.367807966783,51.5303027813045,35.1004265912915,91.7616092025986
"g51",206.013745822905,202.889003006308,286.430739723318,739.827918503015,1625.85175970862,1041.10835113976
"g52",317.179578964968,212.111230415686,225.991225836746,369.913959251508,386.104692504207,365.331266544925
"g53",413.047361674636,142.022302104416,202.340981272435,622.044369288605,446.477426241228,396.20433132337
"g54",1560.40114410418,1624.0342467914,1314.7784107789,1864.29273990934,1425.07731960644,1475.90401343619
"g55",122.384403459152,131.8778519541,120.879027773143,313.782736579015,621.979559197686,398.777086721573
"g56",15.2980504323939,3.68889096375105,2.62780495159007,38.6477270859784,12.636153572865,0
"g57",543.590725364398,212.111230415686,402.930092577144,398.439662576873,172.694098829154,41.1640863712592
"g59",903.604845540069,1191.51178129159,1133.45986911918,570.5140665073,376.276573058645,651.76470087827
"g60",21.4172706053515,99.6000560212785,120.879027773143,0,0,0
"g63",551.749685595008,892.711613227755,814.619534992921,127.905572975024,141.805723428818,127.78018477745
"g64",1274.83753603283,1334.45630613694,1080.90377008738,1536.70724365676,2118.66174905036,1426.16407573758
"g65",3040.23255593109,3065.46839087713,2983.43455503859,7823.40418297591,11505.9198366254,6081.13617622081
"g66",314.119968878489,12.9111183731287,4.37967491931678,359.791935490894,490.00195521443,288.148604598814
"g67",2262.07172393665,238.855689902881,164.675776966311,4830.9658857473,6459.88250986129,3546.97210899017
"g68",254.967507206566,286.811272431644,177.814801724261,205.201027146981,157.249911128986,315.59132884632
"g69",49.9736314124869,204.733448488184,67.4469937574784,80.9761900849071,109.51333096483,125.207429379247
"g70",575.206696258012,675.067046366443,536.072210124374,505.181004052432,293.439566303197,797.554173443147
"g72",59.1524616719232,61.7889236428302,57.8117089349815,140.78814867035,143.209740492469,113.201237520963
"g73",820.995373205141,616.044790946426,849.656934347456,1249.60984244663,1131.63775330324,1015.38079715773
"g74",464.040863115949,304.333504509462,345.994318626026,161.032196191577,147.421791683424,314.733743713586
"g75",687.392399428901,664.00037347519,462.493671479852,131.586308887974,80.0289726281447,172.374611679648
"g76",394.689701155764,392.866887639487,407.309767496461,652.410440570445,591.091183797349,419.359129907203
"g77",54.0531115277919,59.0222554200169,48.1764241124846,80.0560061066695,49.1405972278081,72.0371511497036
"g78",976.015617586733,1551.17865025732,1658.14492445333,1055.45102303851,793.269640963189,975.931881051936
"g79",6.11922017295758,4.61111370468882,12.263089774087,22.0844154777019,21.0602559547749,17.1517026546913
"g80",709.829540063079,1836.14547720709,1199.15499290893,87.4174779325702,115.129399219436,194.671825130747
"g81",47.9338913548343,47.0333597878259,63.0673188381617,33.1266232165529,32.2923924639882,25.727553982037
"g82",442.623592510598,546.878085376094,705.127662010002,669.893936156959,612.151439752124,498.256962118783
"g83",195.815045534642,228.711239752565,327.599683964895,296.299240992501,263.955207966512,222.114549378253
"g84",15.2980504323939,84.8444921662743,49.9282940802113,15.6431276300389,2.80803412730332,17.1517026546913
"g85",0,5.53333644562658,0.875934983863356,2.76055193471274,0,2.5727553982037
"g86",69.3511619601859,193.66677559693,151.536752208361,42.3284629989287,19.6562388911233,60.0309592914196
"g87",8.1589602306101,13.8333411140665,12.263089774087,0,0,0
"g89",1396.20206946315,1014.44501503154,764.69124091271,989.197776605399,1342.24031285099,756.390087071887
"g90",2.03974005765253,0,1.75186996772671,2.76055193471274,5.61606825460664,5.1455107964074
"g91",0,16.6000093368797,9.63528482249692,3.68073591295032,5.61606825460664,6.86068106187653
"g92",1006.61171845152,952.65609138871,903.964903346984,1769.51379015087,1886.99893354783,1682.58203042522
"g94",2.03974005765253,10.1444501503154,1.75186996772671,0.920183978237581,0,0
"g95",23.457010663004,82.077823943461,60.4395138865716,8.28165580413823,12.636153572865,7.7182661946111
"g96",5194.19805681216,3832.75771133735,3435.41700671208,2113.66259801172,1948.77568434851,2132.81422511087
"g97",1327.87077753179,2369.19022146911,1349.81581013343,1276.29517781552,1788.71773909222,1074.55417131641
"g98",414.067231703463,8065.76009224168,1620.47972014721,473.894748792354,588.283149670046,476.817333800419
"g99",583.365656488622,798.644893652103,945.133847588561,806.081164936121,790.461606835885,847.294111141752
"g100",1452.2949210486,2193.96790069094,1779.89988721034,1540.38797956971,2120.06576611401,1446.74611892321
"g104",2744.47024757147,4666.44706914508,3235.70383039124,1810.92206917156,1427.88535373374,2415.81731891327
"g106",290.662958215485,226.86679427069,188.326021530622,371.754327207983,416.993067904543,365.331266544925
"g107",819.975503176315,1239.46736382035,810.239860073605,1423.52461433354,1896.82705299339,894.461293442153
"g124",3255.42513201343,2894.85718380364,2722.40592984731,2016.12309631854,1217.28279418599,2511.00926864681
"g136",421.206321905246,460.189147727944,491.399525947343,177.595507799853,109.51333096483,258.990710085839
"g137",2.03974005765253,3.68889096375105,0,0,4.21205119095498,6.86068106187653
"g138",398.769181271069,410.389119717305,362.63708331943,218.083602842307,227.450764311569,289.006189731549
"g140",58.132591643097,94.9889423165896,74.4544736283853,51.5303027813045,8.42410238190997,60.8885444241542
"g141",561.948385883271,676.911491848318,389.791067819194,436.167205684613,372.06452186769,552.284825481061
"g143",944.399646693119,1366.73410206977,1413.75906395546,2148.62958918475,1828.03021687446,1850.66871644119
"g144",2041.77979771018,1876.72327780835,1656.39305448561,1104.2207738851,1276.25151085936,1233.20742087231
"g146",1076.98275044053,1470.0230490548,1143.09515394168,3348.54949680656,3698.18094565848,1882.39936635237
"g147",3.05961008647879,16.6000093368797,2.62780495159007,1.84036795647516,4.21205119095498,0
"g148",1203.44663401499,1093.75617075219,1017.83645124922,1441.00810992005,1102.15339496655,1087.41794830743
"g149",31.6159708936141,17.5222320778175,12.263089774087,9.20183978237581,19.6562388911233,19.724458052895
"g150",1823.52761154136,1279.12294168068,987.178726814003,1190.71806783943,939.287415582961,1406.43961768469
"g154",188.675955332859,852.133812626494,1105.42994963556,530.946155443084,515.27426236016,304.442722120771
"g156",2944.36477322142,2292.64573397128,1719.46037332377,1648.96968900175,1137.25382155785,1856.67181237034
"g157",1239.14208502391,747.922642900526,547.459364914598,426.965365902238,247.107003202692,206.67801698903
"g158",22.4371406341778,8.30000466843987,0,14.7229436518013,0,8.57585132734566
"g159",59.1524616719232,94.0667195756519,61.3154488704349,130.666124909736,113.725382155785,76.3250768133764
"g160",7370.6006983274,2237.31236951501,1433.90556858431,4491.41799777763,5940.39619631018,2518.72753484142
"g161",192.755435448164,47.9555825287637,27.153984499764,99.3798696496587,64.5847849279764,38.5913309730555
"g162",7016.70579832469,1144.47842150376,1243.82767708597,3339.34765702418,3282.59189481758,1264.08048565075
"g163",1052.5058697487,605.900340796111,509.794160608473,356.111199577944,186.734269465671,322.452009908197
"g169",291.682828244311,294.189054359147,226.867160820609,804.240796979646,1432.09740492469,612.31578477248
"g176",32.6358409224404,42.4222460831371,38.5411392899877,39.567911064216,51.9486313551115,17.1517026546913
"g177",1589.97737494014,2049.17893036371,1759.75338258148,2141.26811735885,2612.87575545574,1150.02166299705
"g178",217.232316139994,261.911258426325,237.37838062697,238.327650363533,238.682900820782,274.427242475061
"g179",9.17883025943636,21.2111230415686,2.62780495159007,16.5633116082765,0,9.43343646008023
"g180",18.3576605188727,3.68889096375105,5.25560990318014,0.920183978237581,0,0
"g181",422.226191934073,681.522605553007,476.508631221666,288.9377691666,164.269996447244,276.999997873265
"g182",1611.39464554549,1705.18984799392,1623.98346008266,1813.68262110627,2079.34927126811,1443.31577839228
"g183",194.795175505816,174.300098037237,291.686349626498,250.290042080622,136.189655174211,134.640865839327
"g184",468.120343231255,792.189334465539,671.842132623194,456.41125320584,234.470849629827,286.433434333345
"g185",124.424143516804,289.577940654458,194.457566417665,126.065205018549,57.5646996097181,74.6099065479073
"g186",282.503997984875,257.300144721636,281.175129820137,952.390417475896,544.758620696845,838.718259814406
"g188",32.6358409224404,224.100126047877,38.5411392899877,5.52110386942549,5.61606825460664,7.7182661946111
"g190",7141.12994184149,4564.08034490099,8510.58430321637,13948.1487421253,20571.6580166241,8215.66557159714
"g193",263.126467437176,371.655764597919,292.562284610361,46.9293828901166,56.1606825460664,107.198141591821
"g194",179.497125073422,129.111183731287,149.784882240634,63.4926944983931,89.8570920737063,133.783280706592
"g195",156.040114410418,393.789110380425,591.256114107765,663.452648309296,560.202808397013,713.510830435159
"g196",70.3710319890121,91.3000513528386,204.092851240162,281.5762973407,259.743156775557,259.848295218574
"g200",18.3576605188727,21.2111230415686,14.0149597418137,6.44128784766307,4.21205119095498,9.43343646008023
"g201",499.736314124869,4769.73601613011,2732.04121466981,171.15421995219,631.807678643248,710.938075036956
"g202",78.5299922196222,54.411141715328,45.5486191608945,41.4082790206911,22.4642730184266,54.0278633622777
"g203",143.801674064503,115.27784261722,120.00309278928,101.220237606134,61.7767508006731,205.820431856296
"g204",447.722942654729,332.922409478533,288.182609691044,192.318451451654,129.169569855953,343.891638226561
"g205",15.2980504323939,11.9888956321909,10.5112198063603,171.15421995219,75.8169214371897,110.628482122759
"g206",1921.43513430868,2411.61246755225,1688.80264888855,2553.51053960929,3635.00017779415,1776.91639502602
"g207",7.13909020178384,6.45555918656434,3.50373993545343,34.9669911730281,43.5245289732015,43.7368417694629
"g208",254.967507206566,215.800121379437,153.288622176087,110.42207738851,110.917348028481,207.535602121765
"g209",3572.6047109784,716.567069708642,1017.83645124922,2124.70480575057,1715.70885178233,2080.50153201406
"g210",2.03974005765253,0.922222740937764,4.37967491931678,162.872564148052,73.0088873098864,55.7430336277468
"g211",337.576979541493,68.2444828293945,76.206343596112,486.77732448768,710.432634207741,373.049532739536
"g212",270.26555763896,193.66677559693,217.231875998112,217.163418864069,308.883754003365,166.371515750506
"g213",1315.63233718588,1162.92287632252,1023.0920611524,1021.40421584371,1170.95023108549,1345.55107326053
"g214",18.3576605188727,21.2111230415686,41.1689442415777,44.1688309554039,26.6763242093816,67.7492254860307
"g215",385.510870896327,616.967013687364,562.350259640275,117.78354921441,71.6048702462347,177.520122476055
"g216",984.174577817343,1223.78957722441,1521.49906697065,218.083602842307,216.218627802356,394.489161057901
"g217",905.644585597721,1387.0230023704,1089.66311992602,702.100375395274,1088.11322433004,927.907113618801
"g218",3197.29254037033,2260.36793803846,2047.93599227253,1235.80708277307,2410.6972982899,1498.20122688729
"g219",13.2583103747414,16.6000093368797,13.1390247579503,2.76055193471274,0,4.28792566367283
"g220",39.7749311242242,25.8222367462574,25.4021145320373,11.9623917170886,15.4441877001683,28.3003093802407
"g221",165.218944669855,251.766808276009,204.968786224025,185.877163603991,189.542303592974,123.492259113778
"g222",5.09935014413131,7.37778192750211,6.13154488704349,14.7229436518013,1.40401706365166,3.43034053093827
"g230",11.2185703170889,86.6889376481498,143.65333735359,32.2064392383153,21.0602559547749,12.0061918582839
"g231",1330.93038761827,5846.89217754542,6560.75302913654,1507.26135635316,1505.10629223458,1168.88853591721
"g232",878.108094819412,442.666915650126,399.42635264169,284.336849275412,637.423746897854,405.63776778345
"g233",8763.74315770408,11003.0395221285,12471.5623002465,5387.67719258104,6461.28652692495,6027.10831285853
"g234",546.650335450877,247.155694571321,247.88960043333,221.764338755257,143.209740492469,179.235292741524
"g236",4323.22905219453,1909.92329648211,3101.68577786014,6228.72534869019,5857.55918955473,6019.39004666392
"g237",607.842537180452,707.344842299265,621.03790355912,1473.21454915837,1496.68218985267,1244.35602759786
"g238",441.603722481772,695.355946667074,845.277259428139,713.142583134125,1477.02595096155,958.780178397245
"g239",508.915144384305,581.922549531729,540.451885043691,162.872564148052,370.660504804039,247.84210336029
"g240",2057.07784814257,437.1335792045,480.012371157119,1310.34198501032,2653.59225030164,3821.39935146523
"g241",321.259059080273,281.277935986018,176.938866740398,385.557086881546,322.923924639882,463.9535568094
"g242",591.524616719232,578.233658567978,494.903265882796,634.006761005693,443.669392113925,553.142410613795
"g246",37.7351910665717,33.2000186737595,45.5486191608945,17.483495586514,30.8883754003365,43.7368417694629
"g247",101.987002882626,110.666728912532,107.740003015193,38.6477270859784,103.897262710223,78.0402470788455
"g248",973.975877529081,972.944991689341,1076.52409516806,526.345235551896,848.026306445603,599.452007781462
"g250",2.03974005765253,4.61111370468882,3.50373993545343,12.8825756953261,7.02008531825831,2.5727553982037
"g252",643.537988189372,945.278309461208,818.999209912238,755.471046133054,546.162637760496,697.216712913202
"g253",495.656834009564,840.144916994303,609.650748768896,79.135822128432,322.923924639882,198.959750794419
"g254",9.17883025943636,21.2111230415686,3.50373993545343,7.36147182590065,8.42410238190997,10.2910215928148
"g256",254.967507206566,416.844678903869,339.862773738982,100.300053627896,54.7566654824148,113.201237520963
"g257",306.980878676705,293.266831618209,336.359033803529,249.369858102384,144.613757556121,321.594424775462
"g258",1637.91126629498,1885.94550521773,1830.70411627441,704.860927329987,1047.39672948414,1063.40556459086
"g259",850.571604041103,819.856016693672,758.559696025667,420.524078054574,640.231781025157,725.517022293443
"g260",430.385152164683,1217.33401803785,888.198073637443,409.481870315723,277.995378603029,363.616096279456
"g261",0,2.76666822281329,4.37967491931678,1.84036795647516,0,5.1455107964074
"g262",812.836412974531,855.822703590245,792.721160396337,726.945342807689,418.397084968195,764.965938399233
"g263",59.1524616719232,52.5666962334525,59.5635789027082,76.3752701937192,49.1405972278081,40.3065012385246
"g264",6.11922017295758,3.68889096375105,13.1390247579503,1.84036795647516,2.80803412730332,10.2910215928148
"g265",469.140213260081,246.233471830383,322.344074061715,356.111199577944,209.198542484098,415.928789376265
"g266",907.684325655374,454.655811282317,502.786680737566,258.57169788476,133.381621046908,288.148604598814
"g267",44.8742812683556,81.1556012025232,49.9282940802113,25.7651513906523,14.0401706365166,40.3065012385246
"g268",149.920894237461,135.566742917851,131.390247579503,327.585496252579,296.2476004305,225.544889909191
"g269",322.278929109099,668.611487179879,659.579042849107,169.313851995715,287.823498048591,348.179563890234
"g270",203.974005765253,387.333551193861,395.922612706237,233.726730472346,238.682900820782,295.866870793425
"g273",85.6690824214061,97.7556105394029,71.8266686767952,18.4036795647516,28.0803412730332,104.625386193617
"g274",224.371406341778,295.111277100084,290.810414642634,120.544101149123,109.51333096483,341.318882828357
"g275",609.882277238105,794.033779947414,818.999209912238,418.683710098099,373.468538931342,509.405568844332
"g276",161.13946455455,311.711286436964,312.708789239218,208.881763059931,190.946320656626,285.575849200611
"g277",1637.91126629498,3262.82405743781,4027.54905580371,1490.69804474488,1256.59527196824,1554.80184564777
"g278",9.17883025943636,276.666822281329,227.743095804473,26.6853353688898,30.8883754003365,23.1547985838333
"g279",2786.28491875335,2537.95698306073,2676.85731068642,4359.83168888966,6521.65926066197,2996.40245377457
"g280",9.17883025943636,32.2777959328217,11.3871547902236,266.853353688898,148.825808747076,186.095973803401
"g281",1635.87152623733,105.133392466905,190.077891498348,1813.68262110627,3107.08976186113,1685.15478582342
"g286",90.7684325655374,135.566742917851,71.8266686767952,103.060605562609,77.2209385008414,135.498450972061
"g288",122.384403459152,423.300238090433,290.810414642634,718.663687003551,648.655883407067,1669.7182534342
"g289",0,0,0,5.52110386942549,30.8883754003365,12.8637769910185
"g290",174.397774929291,345.833527851661,437.091556947815,1189.79788386119,1673.58833987278,656.052626541943
"g291",242.729066860651,213.955675897561,364.388953287156,599.959953810903,714.644685398696,222.972134510987
"g292",4.07948011530505,1.84444548187553,0,16.5633116082765,35.1004265912915,25.727553982037
"g293",132.583103747414,130.033406472225,92.8491082895158,82.8165580413823,50.5446142914598,144.931887432142
"g294",335.53723948384,367.966873634168,288.182609691044,92.9385818019957,28.0803412730332,163.798760352302
"g295",77.510122190796,95.9111650575274,70.9507336929319,62.5725105201555,11.2321365092133,73.7523214151727
"g296",195.815045534642,210.26678493381,170.807321853354,84.6569259978574,63.1807678643247,199.817335927154
"g297",684.332789342422,615.122568205488,813.743600009058,1024.16476777843,1142.86988981245,1152.59441839526
"g298",423.246061962899,1544.72309107075,1492.59321250316,372.67451118622,415.589050840892,222.114549378253
"g299",66.2915518737071,281.277935986018,312.708789239218,34.0468071947905,39.3124777822465,22.2972134510987
"g303",44.8742812683556,38.7333551193861,67.4469937574784,129.745940931499,110.917348028481,67.7492254860307
"g304",55.0729815566182,4.61111370468882,42.0448792254411,130.666124909736,106.705296837526,53.1702782295431
"g305",457.921642942992,446.355806613878,427.456272125318,471.134196857641,376.276573058645,392.773990792431
"g306",1923.47487436633,1553.02309573919,1397.99223424592,21040.0066624023,67644.1381096734,18903.749080868
"g307",198.874655621121,146.633415809104,177.814801724261,1438.24755798534,3945.28794886117,1497.34364175455
"g310",997.432888192085,311.711286436964,605.271073849579,2544.30869982691,3880.70316393319,1772.62846936235
"g311",0,0,0,19.3238635429892,33.6964095276399,0.857585132734566
"g312",967.856657356123,1188.74511306878,1257.84263682778,823.564660522635,626.191610388641,720.371511497036
"g313",1898.9979936745,1360.2785428832,1224.55710744097,1041.64826336494,1141.4658727488,1496.48605662182
"g315",8.1589602306101,1.84444548187553,21.0224396127206,13.8027596735637,1.40401706365166,0.857585132734566
"g316",561.948385883271,2427.29025414819,1527.63061185769,412.242422250436,996.852115192679,1144.01856706791
"g318",531.352285018483,218.56678960225,271.53984499764,312.862552600778,164.269996447244,332.743031501012
"g319",4660.80603173602,3100.51285503276,4351.64499983315,4607.36117903557,5742.42979033529,3595.85446155604
"g320",140.742063978024,111.588951653469,95.4769132411058,232.806546494108,102.493245646571,158.653249555895
"g321",275.364907783091,177.066766260051,193.581631433802,72.6945342807689,63.1807678643247,124.349844246512
"g322",0,0,0,18.4036795647516,11.2321365092133,28.3003093802407
"g323",317.179578964968,353.211309779163,309.205049303765,338.62770399143,329.94400995814,432.222906898221
"g324",322.278929109099,200.122334783495,425.704402157591,632.166393049218,411.376999649937,427.077396101814
"g325",519.113844672568,480.478048028575,681.477417445691,1230.28597890365,797.481692154144,949.346741937165
"g326",0,1.84444548187553,1.75186996772671,123.304653083836,95.473160328313,107.198141591821
"g327",128.503623632109,199.200112042557,183.946346611305,93.8587657802333,116.533416283088,67.7492254860307
"g328",2.03974005765253,7.37778192750211,1.75186996772671,41.4082790206911,32.2923924639882,25.727553982037
"g329",0,8.30000466843987,10.5112198063603,13.8027596735637,7.02008531825831,33.4458201766481
"g331",1.01987002882626,2.76666822281329,7.00747987090685,0,0,5.1455107964074
"g332",21.4172706053515,50.722250751577,30.6577244352175,0,0,6.86068106187653
"g333",87.7088224790586,162.311202405046,159.420167063131,5.52110386942549,4.21205119095498,21.4396283183642
"g334",184.596475217554,385.489105711985,334.607163835802,45.0890149336415,87.049057946403,90.0464389371295
"g335",1337.04960779123,182.600102705677,302.197569432858,120.544101149123,35.1004265912915,703.219808842344
"g337",22.4371406341778,22.1333457825063,22.7743095804473,21.1642314994644,29.4843583366849,24.8699688493024
"g338",252.927767148913,201.96678026537,242.63399053015,242.008386276484,287.823498048591,277.857583005999
"g339",925.02211614542,1248.68959122973,1329.66930550457,2153.23050907594,3140.78617138877,1103.71206582939
"g340",2056.05797811375,3677.8242908598,3973.24108680418,3554.67070793178,5298.76039822137,2328.34363537435
"g341",16.3179204612202,453.73358854138,269.787975029914,13.8027596735637,5.61606825460664,26.5851391147716
"g342",1.01987002882626,20.2889003006308,10.5112198063603,0,2.80803412730332,0.857585132734566
"g343",268.225817581307,599.444781609546,497.531070834386,118.703733192648,137.593672237863,228.117645307395
"g345",1.01987002882626,5.53333644562658,3.50373993545343,0,0,2.5727553982037
"g347",281.484127956048,141.100079363478,107.740003015193,54.2908547160173,47.7365801641565,90.904024069864
"g348",531.352285018483,202.889003006308,194.457566417665,114.10281330146,98.2811944556163,169.801856281444
"g349",509.935014413131,442.666915650126,466.873346399169,297.219424970739,235.874866693479,283.003093802407
"g350",132.583103747414,128.188960990349,141.025532402,110.42207738851,113.725382155785,208.3931872545
"g351",199.894525649947,822.622684916485,642.936278155703,116.863365236173,99.6852115192679,169.801856281444
"g352",646.59759827585,841.989362476178,1602.08508548608,5916.78298006765,10194.5678991747,21790.3806376526
"g354",6.11922017295758,9.22222740937764,12.263089774087,3.68073591295032,15.4441877001683,7.7182661946111
"g355",6.11922017295758,11.9888956321909,8.75934983863356,3.68073591295032,11.2321365092133,0.857585132734566
"g356",53.0332414989657,148.47786129098,145.405207321317,67.1734304113434,134.785638110559,85.7585132734566
"g358",631.299547843457,3393.77968665097,4242.15312685023,1292.8584894238,1045.99271242049,932.195039282474
"g359",548.690075508529,603.133672573297,687.608962332735,351.510279686756,195.158371847581,373.907117872271
"g360",121.364533430325,201.96678026537,231.246835739926,34.0468071947905,32.2923924639882,96.0495348662714
"g361",506.875404326653,407.622451494491,500.158875785976,702.100375395274,838.198187000042,927.907113618801
"g362",721.048110380168,362.433537188541,797.100835315654,1741.90827080374,2312.41610383429,1404.72444741922
"g363",0,9.22222740937764,6.13154488704349,0,0,1.71517026546913
"g364",10.1987002882626,22.1333457825063,21.8983745965839,7.36147182590065,9.82811944556163,24.8699688493024
"g365",492.597223923085,439.900247427313,791.845225412474,1161.27218053583,1045.99271242049,710.938075036956
"g366",1275.85740606165,262.833481167263,423.952532189864,1120.78408549337,1863.13064346575,851.582036805424
"g367",46.9140213260081,5.53333644562658,18.3946346611305,52.4504867595421,60.3727337370214,43.7368417694629
"g368",7560.29652368909,1780.81211275082,3396.8758674221,3681.65609692856,6365.81336659663,3536.68108739735
"g369",15517.3224885916,118.966733580971,254.021145320373,1179.67586010058,1514.93441168014,1773.48605449508
"g370",132.583103747414,3.68889096375105,8.75934983863356,56.1312226724924,47.7365801641565,28.3003093802407
"g371",20461.6523883413,823.544907657423,1037.98295587808,1615.84306578519,2440.18165662659,3687.61607075864
"g372",7769.36987959847,2003.06779331682,2758.31926418571,10578.4350138192,35516.0156421324,11315.8358264326
"g373",3563.42588071896,2619.11258426325,3751.62953588676,5195.35874112938,7745.96214016621,3554.69037518478
"g374",6.11922017295758,4.61111370468882,0,64.4128784766307,71.6048702462347,8.57585132734566
"g375",357.974380118018,402.089115048865,362.63708331943,572.354434463775,675.332207616449,698.931883178672
"g379",811.816542945705,847.522698921805,700.747987090685,258.57169788476,365.044436549432,469.099067605808
"g380",259.046987321871,182.600102705677,169.055451885628,67.1734304113434,133.381621046908,99.4798753972097
"g381",1284.01636629226,2916.99052958615,937.250432733791,526.345235551896,1276.25151085936,363.616096279456
"g382",55.0729815566182,49.8000280106392,35.9133343383976,17.483495586514,39.3124777822465,53.1702782295431
"g383",92.8081726231899,73.7778192750211,64.8191888058884,32.2064392383153,18.2522218274716,45.452012034932
"g384",181.536865131075,213.955675897561,162.047972014721,115.022997279698,124.957518664998,219.541793980049
"g385",186.636215275206,340.300191406035,234.750575675379,256.731329928285,126.361535728649,258.133124953104
"g386",912.783675799505,8469.69365277242,7911.44477425383,1002.08035230073,758.169214371897,907.325070433171
"g387",6.11922017295758,0,1.75186996772671,1.84036795647516,5.61606825460664,0
"g388",1041.28729943161,1104.82284364344,1228.06084737643,238.327650363533,623.383576261338,301.869966722567
"g389",0,3.68889096375105,1.75186996772671,1.84036795647516,4.21205119095498,0
"g390",1034.14820922983,2478.93472764071,2179.32623985203,710.382031199412,880.318698909592,1252.07429379247
"g391",157.059984439244,120.811179062847,184.822281595168,98.4596856714212,53.3526484187631,165.513930617771
"g392",1.01987002882626,0,0,9.20183978237581,5.61606825460664,0.857585132734566
"g393",324.318669166752,499.844725588268,494.903265882796,2308.74160139809,1952.98773553946,2318.91019891427
"g394",49.9736314124869,90.3778286119008,76.206343596112,304.580896796639,360.832385358477,271.854487076858
"g396",18.3576605188727,22.1333457825063,15.7668297095404,31.2862552600778,7.02008531825831,22.2972134510987
"g397",528.292674932004,559.789203749222,477.384566205529,757.311414089529,596.707252051956,646.619190081863
"g398",168.278554756333,47.9555825287637,52.5560990318014,41.4082790206911,64.5847849279764,74.6099065479073
"g399",1284.01636629226,1162.92287632252,1275.36133650505,1897.41936312589,1707.28474940042,1758.04952210586
"g400",507.895274355479,601.289227091422,505.414485689157,711.30221517765,466.133665132351,653.47987114374
"g406",707.789800005426,538.578080707654,464.245541447579,528.185603508371,876.106647718637,638.043338754517
"g407",549.709945537356,623.422572873928,776.954330686797,1266.17315405491,1944.56363315755,1016.23838229046
"g408",15.2980504323939,25.8222367462574,28.9058544674908,72.6945342807689,50.5446142914598,44.5944269021974
"g409",390.610221040459,438.978024686375,512.421965560063,953.310601454134,767.997333817459,869.59132459285
"g410",2.03974005765253,0.922222740937764,0,4.60091989118791,12.636153572865,0
"g411",1360.50661845423,1060.55615207843,1051.12198063603,1148.3896048405,1311.35193745065,764.108353266499
"g414",449.762682712382,264.677926649138,230.370900756063,326.665312274341,219.026661929659,489.681110791437
"g415",9.17883025943636,15.677786595942,13.1390247579503,27.6055193471274,18.2522218274716,12.0061918582839
"g416",103.006872911453,118.044510840034,151.536752208361,208.881763059931,227.450764311569,218.684208847314
"g417",432.424892222335,348.600196074475,331.979358884212,631.246209070981,525.102381805721,492.253866189641
"g418",54.0531115277919,63.6333691247057,69.1988637252051,23.0045994559395,25.2723071457299,18.0092877874259
"g419",4995.32340119103,490.62249817889,612.278553720486,4388.35739221502,8509.74742279272,1839.52010971564
"g422",42.834541210703,391.022442157612,255.7730152881,80.9761900849071,536.334518314935,133.783280706592
"g423",24.4768806918303,23.9777912643819,15.7668297095404,8.28165580413823,19.6562388911233,38.5913309730555
"g424",111.165833142063,96.8333877984652,62.1913838542983,46.009198911879,96.8771773919646,88.3312686716603
"g425",628.239937756978,465.722484173571,848.780999363592,2259.9718505515,2315.22413796159,1438.17026759587
"g426",0,4.61111370468882,2.62780495159007,4.60091989118791,0,1.71517026546913
"g427",9.17883025943636,3.68889096375105,7.88341485477021,33.1266232165529,39.3124777822465,15.4365323892222
"g430",48.9537613836606,27.6666822281329,17.5186996772671,111.342261366747,165.674013510896,38.5913309730555
"g438",2337.54210606979,2788.8015685958,2792.48072855638,2406.28110309127,3556.37522222966,3493.80183076062
"g439",1392.12258934785,1426.67858023072,1525.0028069061,1244.08873857721,1990.89619625806,1637.13001839029
"g440",1446.17570087564,1182.28955388221,2018.15420282117,1495.29896463607,1825.22218274716,1645.70586971763
"g447",192.755435448164,19.366677559693,21.8983745965839,3.68073591295032,1.40401706365166,3.43034053093827
"g452",6.11922017295758,6.45555918656434,2.62780495159007,0.920183978237581,0,3.43034053093827
"g453",25.4967507206566,38.7333551193861,18.3946346611305,19.3238635429892,2.80803412730332,49.7399376986048
"g454",1654.2291867562,1323.38963324569,1501.35256234179,3010.84197679336,2677.46054038372,2201.42103572963
"g455",319.21931902262,305.2557272504,262.780495159007,202.440475212268,131.977603983256,224.687304776456
"g456",365.113470319802,76.5444874978344,99.8565881604226,38.6477270859784,35.1004265912915,89.1888538043949
"g457",40.7948011530505,44.2666915650126,31.5336594190808,15.6431276300389,16.8482047638199,21.4396283183642
"g458",236.609846687693,169.688984332549,131.390247579503,96.619317714946,70.2008531825831,147.504642830345
"g459",372.252560521586,547.800308117032,360.009278367839,567.753514572587,905.591006055321,512.835909375271
"g460",195.815045534642,253.611253757885,214.604071046522,524.504867595421,874.702630654985,398.777086721573
"g461",31.6159708936141,115.27784261722,88.469433370199,8.28165580413823,14.0401706365166,28.3003093802407
"g462",382.451260809849,372.577987338856,431.835947044635,507.941555987145,450.689477432183,361.043340881252
"g463",14.2781804035677,5.53333644562658,10.5112198063603,4.60091989118791,14.0401706365166,3.43034053093827
"g464",4.07948011530505,5.53333644562658,0.875934983863356,8.28165580413823,0,2.5727553982037
"g465",42.834541210703,25.8222367462574,10.5112198063603,52.4504867595421,105.301279773875,27.4427242475061
"g466",1117.77755159358,1835.22325446615,1671.28394921128,4242.96832365349,5543.05936729676,3260.53867465682
"g467",49.9736314124869,42.4222460831371,62.1913838542983,111.342261366747,148.825808747076,99.4798753972097
"g469",1198.34728387086,2472.47916845414,2756.56739421798,1156.67126064464,680.948275871056,1812.07738546814
"g471",419.166581847594,545.955862635156,470.377086334622,435.247021706376,432.437255604712,413.356033978061
"g472",2964.76217379795,1792.80100838301,2287.94217785109,2218.56357153081,2494.938322109,2273.45818687934
"g475",4095.79803576627,6296.01465238211,6983.82962634254,3838.08737322895,5569.73569150614,3721.91947606802
"g476",1146.33391240072,442.666915650126,762.06343596112,749.949942263628,666.908105234539,476.817333800419
"g477",1168.7710530349,1244.07847752504,1804.42606675851,2063.05247920866,2882.44703167686,1346.40865839327
"g478",121.364533430325,94.0667195756519,158.544232079267,205.201027146981,304.671702812411,96.907119999006
"g479",40.7948011530505,18.4444548187553,22.7743095804473,48.7697508465918,18.2522218274716,43.7368417694629
"g480",223.351536312952,189.977884633179,177.814801724261,173.914771886903,115.129399219436,176.662537343321
"g481",250.888027091261,197.355666560681,218.107810981976,311.94236862254,525.102381805721,309.588232917178
"g482",18.3576605188727,27.6666822281329,12.263089774087,14.7229436518013,40.7164948458982,24.0123837165679
"g486",3.05961008647879,5.53333644562658,0,21.1642314994644,15.4441877001683,28.3003093802407
"g487",1212.62546427443,604.978118055173,607.022943817306,532.786523399559,824.158016363525,1009.37770122858
"g488",33.6557109512667,5.53333644562658,21.0224396127206,39.567911064216,32.2923924639882,24.0123837165679
"g498",235.589976658867,367.04465089323,389.791067819194,260.412065841235,287.823498048591,248.699688493024
"g499",211.113095967036,246.233471830383,239.130250594696,218.083602842307,120.745467474043,222.114549378253
"g500",298.821918446095,361.511314447603,307.453179336038,592.598481985002,953.327586219478,364.473681412191
"g501",369.192950435107,301.566836286649,261.904560175144,120.544101149123,96.8771773919646,152.650153626753
"g502",370.212820463933,336.611300442284,286.430739723318,450.890149336415,502.638108787295,328.455105837339
"g503",192.755435448164,110.666728912532,91.097238321789,102.140421584371,60.3727337370214,104.625386193617
"g504",166.238814698681,141.100079363478,127.010572660187,400.280030533348,634.615712770551,350.752319288438
"g505",6.11922017295758,9.22222740937764,1.75186996772671,18.4036795647516,9.82811944556163,11.1486067255494
"g507",45.8941512971818,13.8333411140665,14.0149597418137,48.7697508465918,11.2321365092133,6.86068106187653
"g508",551.749685595008,176.144543519113,109.49187298292,413.162606228674,231.662815502524,190.383899467074
"g511",1624.65295592024,1494.92306306011,1135.21173908691,1463.09252539775,1184.990401722,1492.19813095815
"g512",716.968630264863,713.800401485829,635.928798284797,1055.45102303851,672.524173489146,909.897825831375
"g513",1082.08210058466,280.35571324508,472.128956302349,209.801947038168,393.124777822465,156.938079290426
"g517",7291.05083607895,4016.28003678396,4747.56761253939,4335.90690545548,8120.83469616121,3519.52938474266
"g518",3.05961008647879,4.61111370468882,12.263089774087,16.5633116082765,4.21205119095498,11.1486067255494
"g519",194.795175505816,292.344608877271,256.648950271963,235.567098428821,235.874866693479,282.145508669672
"g520",93.8280426520162,122.655624544723,81.4619534992921,154.590908343914,116.533416283088,134.640865839327
"g521",4.07948011530505,9.22222740937764,6.13154488704349,20.2440475212268,0,5.1455107964074
"g522",10.1987002882626,31.355573191884,15.7668297095404,0,5.61606825460664,6.00309592914196
"g523",2633.30441442941,181.677879964739,388.91513283533,750.870126241866,669.716139361842,698.931883178672
"g524",2336.52223604097,1816.77879964739,1645.00589969538,4347.86929717257,5653.97671532524,2064.2074144921
"g525",49.9736314124869,21.2111230415686,23.6502445643106,52.4504867595421,75.8169214371897,26.5851391147716
"g531",85.6690824214061,20.2889003006308,28.0299194836274,64.4128784766307,47.7365801641565,39.44891610579
"g532",4097.83777582392,3693.50207745574,4109.011009303,11718.5429628556,11521.3640243255,7553.60984912606
"g533",1579.77867465188,3373.49078635034,2845.03682758818,1415.2429585294,1190.60646997661,1149.16407786432
"g538",2201.8993922359,2111.89007674748,1920.92541961234,3142.42828568134,3418.7815499918,3140.47675607398
"g539",383.471130838675,1151.85620343127,1040.61076082967,1394.99891100817,1119.00159973037,533.4179525609
"g540",16.3179204612202,30.4333504509462,31.5336594190808,40.4880950424536,32.2923924639882,36.0185755748518
"g541",0,0,0.875934983863356,1.84036795647516,21.0602559547749,0
"g542",312.080228820836,384.566882971047,409.061637464187,700.260007438799,825.562033427177,580.585134861301
"g543",0,0,0,0,15.4441877001683,1.71517026546913
"g544",5658.23891992811,6201.94793280646,5897.67024635198,4453.69045466989,8988.51724149794,4606.08974791736
"g545",450.782552741208,679.678160071132,558.846519704821,869.573859434514,898.570920737063,704.934979107814
"g546",2.03974005765253,8.30000466843987,8.75934983863356,2.76055193471274,8.42410238190997,0
"g547",18.3576605188727,20.2889003006308,30.6577244352175,7.36147182590065,9.82811944556163,10.2910215928148
"g548",219.272056197646,341.222414146972,289.058544674908,242.008386276484,293.439566303197,251.272443891228
"g549",3362.51148504019,2709.49041287515,2456.12169475285,1640.68803319761,2245.02328477901,1504.20432281643
"g550",61.1922017295758,28.5889049690707,39.417074273851,77.2954541719568,49.1405972278081,52.3126930968085
"g551",1252.40039539865,1660.92315642891,1725.59191821081,657.011360461633,475.961784577913,1083.98760777649
"g552",434.464632279988,542.266971671405,490.52359096348,795.03895719727,1277.65552792301,798.411758575881
"g553",1663.40801701563,2088.83450822403,2689.1204004605,1247.76947449016,2142.53003913243,1234.06500600504
"g554",3078.98761702649,5402.38081641342,6242.78862999414,1067.41341475559,2093.38944190463,1491.34054582541
"g555",91.7883025943636,626.189241096741,189.201956514485,46.9293828901166,56.1606825460664,36.8761607075864
"g557",0,0,0,10.1220237606134,0,2.5727553982037
"g558",5110.5687144484,93.1444968347141,249.641470401057,892.578458890453,471.749733386958,1647.4210399831
"g559",0,0,0.875934983863356,22.0844154777019,11.2321365092133,14.5789472564876
"g560",2133.56810030454,330.155741255719,828.634494734735,2024.40475212268,2289.95183081586,2609.63155891129
"g563",17.3377904900465,11.9888956321909,24.526179548174,30.3660712818402,14.0401706365166,20.5820431856296
"g564",230.490626514735,214.877898638499,216.355941014249,256.731329928285,169.886064701851,299.297211324364
"g565",658.836038621766,484.166938992326,479.136436173256,719.583870981788,475.961784577913,657.767796807412
"g566",760.823041504392,1063.32282030124,1032.7273459749,1138.26758107989,946.30750090122,1266.65324104895
"g568",353.894900002713,833.689357807738,624.541643494573,189.557899516942,119.341450410391,119.204333450105
"g569",227.431016428257,612.355899982675,641.184408187977,455.491069227603,272.379310348422,352.467489553907
"g571",77.510122190796,203.811225747246,135.76992249882,61.6523265419179,105.301279773875,84.9009281407221
"g572",720.028240351341,612.355899982675,436.215621963951,380.956166990358,428.225204413757,482.820429729561
"g573",76.4902521619697,118.044510840034,84.0897584508822,78.2156381501944,36.5044436549432,90.0464389371295
"g574",47.9338913548343,172.455652555362,143.65333735359,21.1642314994644,30.8883754003365,34.3034053093827
"g575",1220.78442450504,3946.19110847269,3419.65017700254,544.748915116648,1099.34536083925,794.981418044943
"g576",8.1589602306101,18.4444548187553,6.13154488704349,8.28165580413823,9.82811944556163,1.71517026546913
"g578",743.485251014346,3435.27970999317,2838.90528270114,245.689122189434,310.287771067017,313.876158580851
"g579",1.01987002882626,98.6778332803407,52.5560990318014,12.8825756953261,21.0602559547749,6.00309592914196
"g580",141.761934006851,1125.11174394407,666.586522720014,345.068991839093,318.711873448927,279.572753271469
"g581",60.1723317007495,60.8667009018924,65.6951237897517,121.464285127361,102.493245646571,148.36222796308
"g583",2968.84165391325,2055.63448955027,1983.9927384505,2889.377691666,1632.87184502688,1583.95974016074
"g584",119.324793372673,113.433397135345,70.0747987090685,953.310601454134,516.678279423811,535.133122826369
"g586",11.2185703170889,40.5778006012616,33.2855293868075,61.6523265419179,46.3325631005048,88.3312686716603
"g587",2623.10571414115,5598.81426023316,5059.40046679475,1990.35794492789,2541.27088520951,1723.74611679648
"g588",285.563608071354,320.933513846342,351.249928529206,77.2954541719568,11.2321365092133,82.3281727425184
"g589",852.611344098756,894.556058709631,921.483603024251,249.369858102384,71.6048702462347,210.965942652703
"g590",131.563233718588,280.35571324508,182.194476643578,568.673698550825,1089.51724139369,279.572753271469
"g591",2.03974005765253,1.84444548187553,6.13154488704349,72.6945342807689,219.026661929659,44.5944269021974
"g592",675.153959082986,553.333644562658,530.816600221194,702.100375395274,745.533060799032,897.891633973091
"g598",13006.4024776213,1835.22325446615,4789.61249176483,1469.53381324542,2037.22875935856,1711.73992493819
"g599",64.2518118160545,69.1667055703323,70.9507336929319,69.9339823460562,91.261109137358,77.182661946111
"g600",2468.08546975956,1740.23431214956,1769.38866740398,1043.48863132142,818.541948108919,1367.84828671163
"g601",241.709196831824,204.733448488184,153.288622176087,206.121211125218,138.997689301514,181.808048139728
"g602",2192.72056197646,2535.19031483791,2379.91535115674,2129.30572564176,1583.73124779907,1921.84828245816
"g603",230.490626514735,122.655624544723,155.916427127677,457.331437184078,174.098115892806,327.597520704604
"g604",1165.71144294842,1364.88965658789,1090.53905490988,2271.01405829035,1764.84944901014,2039.3374456428
"g606",42.834541210703,35.044464155635,33.2855293868075,25.7651513906523,35.1004265912915,37.7337458403209
"g607",337.576979541493,322.777959328217,263.65643014287,151.830356409201,162.865979383593,197.24458052895
"g608",1460.45388127921,1220.10068626066,1055.50165555534,1496.21914861431,1044.58869535684,1131.15479007689
"g609",1658.3086668715,4473.70251628909,5069.03575161724,2985.99700938095,2829.0943832581,2308.61917732145
"g611",749.604471187303,783.889329797099,678.849612494101,1071.09415066854,789.057589772234,809.560365301431
"g612",25.4967507206566,207.500116710997,122.63089774087,1031.52623960433,657.079985788977,454.52012034932
"g614",25.4967507206566,58.1000326790791,63.943253822025,48.7697508465918,15.4441877001683,30.8730647784444
"g615",1346.22843805067,2143.24564993936,2570.86917763895,3558.35144384473,4066.03341633521,2178.2662371458
"g616",180.516995102249,166.922316109735,148.908947256771,347.829543773806,324.327941703534,371.334362474067
"g617",238.649586745345,264.677926649138,262.780495159007,563.152594681399,636.019729834203,499.114547251518
"g618",1318.69194727236,1408.23412541196,1125.57645426441,2787.23727008163,4921.07980809907,1857.52939750307
"g619",129.523493660935,85.766714907212,154.164557159951,351.510279686756,509.658194105553,234.978326369271
"g620",620.080977526368,583.766995013604,528.188795269604,943.18857769352,916.823142564535,853.297207070893
"g621",2.03974005765253,8.30000466843987,12.263089774087,0,0,1.71517026546913
"g624",7.13909020178384,1.84444548187553,4.37967491931678,1.84036795647516,0,4.28792566367283
"g625",146.861284150982,150.322306772855,181.318541659715,297.219424970739,193.754354783929,208.3931872545
"g626",1958.15045534642,2021.51224813558,1701.06573866264,1977.47536923256,2632.53199434686,2110.51701165977
"g627",88.7286925078849,156.77786595942,142.777402369727,140.78814867035,235.874866693479,164.656345485037
"g628",1169.79092306372,1256.98959589817,1394.48849431046,542.908547160173,826.966050490828,469.099067605808
"g629",1528.78517321057,2044.56781665902,1705.44541358195,979.075752844786,915.419125500883,702.36222370961
"g630",31.6159708936141,37.8111323784483,24.526179548174,43.2486469771663,14.0401706365166,23.1547985838333
"g631",1735.8187890623,204.733448488184,411.689442415777,1612.16232987224,2680.26857451102,608.027859108808
"g632",152.980504323939,28.5889049690707,35.0373993545343,87.4174779325702,130.573586919604,32.5882350439135
"g641",22.4371406341778,13.8333411140665,14.8908947256771,30.3660712818402,57.5646996097181,33.4458201766481
"g642",32.6358409224404,3.68889096375105,16.6427646934038,5.52110386942549,15.4441877001683,2.5727553982037
"g643",73.4306420754909,118.044510840034,102.484393112013,70.8541663242937,91.261109137358,66.0340552205616
"g644",422.226191934073,1811.24546320177,1402.37190916523,956.991337367084,1224.30287950425,782.975226186659
"g645",5.09935014413131,26.7444594871951,29.7817894513541,19.3238635429892,19.6562388911233,6.86068106187653
"g647",4344.64632279988,2537.95698306073,3059.6408986347,3760.79191905699,2928.77959477737,3723.63464633349
"g648",2.03974005765253,0,0,11.042207738851,32.2923924639882,18.0092877874259
"g649",47.9338913548343,77.4667102387721,90.2213033379257,40.4880950424536,37.9084607185949,45.452012034932
"g650",5.09935014413131,38.7333551193861,14.8908947256771,0,9.82811944556163,6.00309592914196
"g651",2.03974005765253,7.37778192750211,7.00747987090685,3.68073591295032,0,0
"g652",561.948385883271,399.322446826052,343.366513674436,162.872564148052,203.582474229491,129.495355042919
"g653",24.4768806918303,31.355573191884,13.1390247579503,21.1642314994644,8.42410238190997,5.1455107964074
"g654",8.1589602306101,5.53333644562658,9.63528482249692,2.76055193471274,7.02008531825831,5.1455107964074
"g655",42.834541210703,43.3444688240749,28.9058544674908,63.4926944983931,23.8682900820782,35.1609904421172
"g656",705.750059947774,456.500256764193,547.459364914598,630.326025092743,463.325631005048,389.343650261493
"g657",11.2185703170889,6.45555918656434,6.13154488704349,6.44128784766307,32.2923924639882,2.5727553982037
"g658",40.7948011530505,15.677786595942,7.88341485477021,1.84036795647516,9.82811944556163,17.1517026546913
"g660",2589.45000318988,1576.07866426264,1355.07142003661,1030.60605562609,911.207074309928,828.427238221591
"g661",588.465006632754,593.91144516392,453.734321641219,247.529490145909,331.348027021792,300.154796457098
"g662",0,19.366677559693,21.0224396127206,0,0,0
"g663",0,4.61111370468882,0.875934983863356,7.36147182590065,7.02008531825831,30.0154796457098
"g664",1258.51961557161,1544.72309107075,2116.25892101387,1451.13013368067,2254.85140422457,1543.65323892222
"g665",284.543738042527,332.922409478533,280.299194836274,102.140421584371,202.178457165839,156.938079290426
"g666",452.822292798861,523.82251685265,548.335299898461,934.906921889382,1357.68450055116,684.352935922184
"g667",74.4505121043172,60.8667009018924,57.8117089349815,72.6945342807689,46.3325631005048,110.628482122759
"g668",622.12071758402,605.900340796111,497.531070834386,795.03895719727,713.240668335044,894.461293442153
"g669",283.523868013701,212.111230415686,196.209436385392,167.47348403924,94.0691432646613,277.857583005999
"g670",185.61634524638,97.7556105394029,242.63399053015,163.792748126289,223.238713120614,263.278635749512
"g671",947.459256779598,1185.05622210503,1448.79646330999,158.271644256864,438.053323859318,481.105259464092
"g672",1185.08897349612,849.36714440368,1348.06394016571,2185.43694831425,2647.97618204703,1574.52630370066
"g673",393.669831126937,248.077917312258,177.814801724261,323.904760339628,296.2476004305,234.120741236537
"g674",160.119594525723,468.489152396384,700.747987090685,416.843342141624,247.107003202692,4641.25073835947
"g675",534.411895104962,1315.08962857725,1215.79775760234,149.069804474488,178.310167083761,239.266252032944
"g676",120.344663401499,973.867214430278,595.635789027082,97.5395016931836,131.977603983256,96.0495348662714
"g677",0,10.1444501503154,7.88341485477021,25.7651513906523,14.0401706365166,1.71517026546913
"g679",341.656459656798,418.689124385745,377.527978045107,173.914771886903,189.542303592974,279.572753271469
"g681",65.2716818448808,28.5889049690707,57.8117089349815,26.6853353688898,29.4843583366849,21.4396283183642
"g682",503.815794240174,260.066812944449,289.934479658771,242.008386276484,280.803412730332,269.281731678654
"g683",1251.38052536982,1877.64550054929,1408.50345405228,993.798696496587,624.787593324989,1246.92878299606
"g688",68.3312919313596,48.8778052697015,53.4320340156647,111.342261366747,39.3124777822465,46.3095971676666
"g689",98.9273927961475,132.800074695038,106.864068031329,138.027596735637,78.624955564493,150.077398228549
"g690",151.960634295113,114.355619876283,141.025532402,234.646914450583,99.6852115192679,140.643961768469
"g691",364.093600290976,189.977884633179,368.768628206473,527.265419530134,471.749733386958,427.077396101814
"g692",655.776428535287,443.589138391064,564.978064591865,908.221586520492,666.908105234539,901.321974504029
"g693",552.769555623834,439.900247427313,515.925705495517,673.574672069909,551.778706015103,723.801852027974
"g694",76.4902521619697,50.722250751577,53.4320340156647,92.0183978237581,47.7365801641565,82.3281727425184
"g695",12856.4815833839,3032.26837220337,4329.74662523657,1802.64041336742,2882.44703167686,2990.39935784543
"g696",1474.73206168278,3204.72402475873,3625.49489821043,673.574672069909,647.251866343416,740.095969549931
"g697",160.119594525723,157.700088700358,157.668297095404,194.15881940813,193.754354783929,168.086686015975
"g698",75.4703821331434,399.322446826052,466.873346399169,184.956979625754,133.381621046908,95.1919497335369
"g699",215.192576082341,833.689357807738,1310.39873585958,321.144208404916,123.553501601346,176.662537343321
"g700",0,21.2111230415686,21.8983745965839,3.68073591295032,5.61606825460664,4.28792566367283
"g701",19.377530547699,55.3333644562658,103.360328095876,10.1220237606134,8.42410238190997,19.724458052895
"g702",4.07948011530505,82.077823943461,80.5860185154288,4.60091989118791,0,6.00309592914196
"g704",8.1589602306101,8.30000466843987,16.6427646934038,12.8825756953261,0,3.43034053093827
"g705",409.987751588158,450.966920318566,338.986838755119,318.383656470203,317.307856385275,629.467487427172
"g707",652.716818448808,1752.22320778175,2456.99762973671,1165.87310042702,746.937077862684,915.043336627782
"g708",56.0928515854444,53.4889189743903,69.1988637252051,133.426676844449,43.5245289732015,115.773992919166
"g709",244.768806918303,189.977884633179,171.683256837218,302.740528840164,240.086917884434,333.600616633746
"g710",83.6293423637535,184.444548187553,184.822281595168,160.112012213339,115.129399219436,107.198141591821
"g711",6.11922017295758,11.0666728912532,11.3871547902236,11.9623917170886,39.3124777822465,10.2910215928148
"g712",918.902895972463,856.744926331182,631.54912336548,578.795722311438,418.397084968195,658.625381940147
"g713",693.511619601859,679.678160071132,681.477417445691,296.299240992501,606.535371497518,621.749221232561
"g714",47.9338913548343,161.388979664109,163.799841982448,164.712932104527,202.178457165839,73.7523214151727
"g715",6.11922017295758,11.0666728912532,3.50373993545343,10.1220237606134,26.6763242093816,9.43343646008023
"g716",313.100098849663,243.46680360757,268.91204004605,326.665312274341,386.104692504207,395.346746190635
"g717",215.192576082341,131.8778519541,169.055451885628,92.9385818019957,46.3325631005048,63.4612998223579
"g718",185.61634524638,141.100079363478,133.14211754723,164.712932104527,175.502132956458,228.117645307395
"g719",6404.78378102893,1830.61214076146,2661.09048097688,6035.48671326029,15247.625311257,2601.91329271667
"g720",3114.68306803541,6291.40353867742,3210.3017158592,1325.98511264035,1015.10433702015,1843.80803537932
"g721",52.0133714701394,87.6111603890875,66.5710587736151,41.4082790206911,26.6763242093816,66.0340552205616
"g722",463.020993087123,331.077963996657,430.084077076908,357.031383556181,275.187344475726,500.829717516987
"g723",254.967507206566,588.378108718293,599.139528962536,347.829543773806,570.030927842574,343.891638226561
"g724",0,0,0,7.36147182590065,15.4441877001683,0
"g725",588.465006632754,195.511221078806,513.297900543927,926.625266085244,1232.72698188616,636.328168489048
"g726",135.642713833893,91.3000513528386,256.648950271963,382.796534946834,398.740846077072,174.947367077852
"g727",40.7948011530505,863.200485517747,721.770426703406,144.4688845833,126.361535728649,193.814239998012
"g730",875.048484732933,549.644753598907,480.012371157119,230.966178537633,185.330252402019,181.808048139728
"g731",27.5364907783091,18.4444548187553,25.4021145320373,6.44128784766307,1.40401706365166,1.71517026546913
"g732",39.7749311242242,74.7000420159588,52.5560990318014,129.745940931499,63.1807678643247,189.526314334339
"g733",501.776054182521,476.789157064824,798.852705283381,62.5725105201555,65.9888019916281,91.7616092025986
"g734",607.842537180452,491.544720919828,373.14830312579,557.631490811974,727.28083897156,530.845197162697
"g736",606.822667151626,393.789110380425,437.967491931678,704.860927329987,460.517596877745,733.235288488054
"g737",3571.58484094957,547.800308117032,707.755466961592,1371.074127574,2935.79968009562,1867.82041909589
"g738",849.551734012277,652.011477842999,514.17383552779,924.784898128769,877.510664782288,750.386991142746
"g739",293.722568301964,484.166938992326,360.885213351703,299.979976905451,255.531105584602,332.743031501012
"g740",0,1.84444548187553,0,0.920183978237581,0,11.1486067255494
"g741",193.77530547699,155.855643218482,177.814801724261,52.4504867595421,11.2321365092133,106.340556459086
"g743",1427.81804035677,1661.84537916985,1491.7172775193,1277.21536179376,1886.99893354783,1064.2631497236
"g744",429.365282135857,639.10035946987,431.835947044635,183.116611669279,109.51333096483,128.637769910185
"g745",11.2185703170889,8.30000466843987,42.9208142093045,18.4036795647516,8.42410238190997,12.0061918582839
"g746",170.318294813986,241.622358125694,267.160170078324,70.8541663242937,123.553501601346,114.058822653697
"g751",28.5563608071354,43.3444688240749,54.3079689995281,29.4458873036026,39.3124777822465,38.5913309730555
"g752",957.657957067861,1251.45625945255,1427.77402369727,1535.78705967852,1715.70885178233,1511.06500387831
"g755",1024.96937897039,166.000093368797,109.49187298292,551.190202964311,584.071098479091,387.628479996024
"g756",88.7286925078849,29.5111277100084,19.2705696449938,158.271644256864,92.6651262010096,101.195045662679
"g757",122.384403459152,98.6778332803407,81.4619534992921,195.079003386367,122.149484537695,131.210525308389
"g758",857.710694242887,657.544814288625,554.466844785505,608.241609615041,450.689477432183,742.668724948134
"g760",61.1922017295758,31.355573191884,35.0373993545343,43.2486469771663,12.636153572865,45.452012034932
"g761",592.544486748059,730.400410822709,661.330912816834,449.969965358177,533.526484187631,558.287921410203
"g762",20.3974005765253,13.8333411140665,19.2705696449938,59.8119585854428,39.3124777822465,79.7554173443147
"g764",1564.48062421949,1083.61172060187,597.387658994809,1745.58900671669,3056.54514756967,2329.20122050708
"g767",31.6159708936141,8.30000466843987,30.6577244352175,49.6899348248294,78.624955564493,92.6191943353332
"g768",781.220442080917,433.444688240749,492.275460931206,254.89096197181,216.218627802356,433.080492030956
"g769",853.631214127582,620.655904651115,644.68814812343,400.280030533348,449.285460368532,557.430336277468
"g770",306.980878676705,292.344608877271,247.013665449466,580.636090267914,655.675968725326,439.083587960098
"g771",43.8544112395293,71.9333737931455,90.2213033379257,67.1734304113434,49.1405972278081,53.1702782295431
"g772",0,4.61111370468882,0.875934983863356,19.3238635429892,1.40401706365166,24.8699688493024
"g773",2759.76829800387,2011.36779798526,2269.54754318996,5616.80300316219,6871.25950951123,4536.62535216586
"g774",388.570480982806,1092.83394801125,1082.65564005511,493.218612335343,565.818876651619,540.278633622777
"g775",679.233439198291,1264.36737782567,928.491082895158,807.921532892596,1225.7068965679,445.08668388924
"g776",1.01987002882626,11.9888956321909,14.0149597418137,32.2064392383153,16.8482047638199,17.1517026546913
"g777",8.1589602306101,73.7778192750211,92.8491082895158,61.6523265419179,115.129399219436,80.6130024770492
"g778",372.252560521586,5929.89222422982,4345.51345494611,2418.24349480836,5308.58851766693,2703.96592351209
"g779",269.245687610133,944.35608672027,848.780999363592,447.209413423464,807.309811599705,441.656343358302
"g780",559.908645825618,961.878318798087,1054.62572057148,2390.63797546124,2245.02328477901,3687.61607075864
"g781",290.662958215485,231.477907975379,273.291714965367,542.908547160173,592.495200861001,491.396281056907
"g782",509.935014413131,621.578127392053,560.598389672548,1445.60902981124,1335.22022753273,865.303398929177
"g783",38.755061095398,166.000093368797,69.1988637252051,30.3660712818402,33.6964095276399,56.6006187604814
"g785",235.589976658867,342.14463688791,280.299194836274,152.750540387438,136.189655174211,197.24458052895
"g786",1.01987002882626,16.6000093368797,18.3946346611305,7.36147182590065,25.2723071457299,2.5727553982037
"g787",609.882277238105,653.855923324874,654.323432945927,1176.91530816587,775.017419135717,1239.21051680145
"g788",208.053485880558,161.388979664109,183.070411627441,97.5395016931836,207.794525420446,143.216717166673
"g801",11.2185703170889,27.6666822281329,24.526179548174,7.36147182590065,4.21205119095498,17.1517026546913
"g802",275.364907783091,257.300144721636,264.532365126734,168.393668017477,115.129399219436,318.164084244524
"g803",5.09935014413131,16.6000093368797,8.75934983863356,36.8073591295032,22.4642730184266,35.1609904421172
"g804",30.5961008647879,63.6333691247057,20.1465046288572,34.0468071947905,12.636153572865,38.5913309730555
"g805",166.238814698681,225.022348788814,176.938866740398,280.656113362462,190.946320656626,350.752319288438
"g806",494.636963980737,296.95572258196,276.795454900821,526.345235551896,242.894952011737,632.89782795811
"g807",17.3377904900465,7.37778192750211,12.263089774087,18.4036795647516,11.2321365092133,25.727553982037
"g808",1459.43401125038,1208.11179062847,1094.9187298292,916.503242324631,609.343405624821,867.018569194646
"g809",264.146337466002,155.855643218482,124.382767708597,46.9293828901166,7.02008531825831,86.6160984061912
"g810",86.6889524502323,249.922362794134,126.134637676323,66.2532464331058,43.5245289732015,87.4736835389258
"g811",563.988125940923,765.444874978344,623.66570851071,630.326025092743,817.137931045267,948.48915680443
"g812",412.02749164581,463.878038691695,375.77610807738,246.609306167672,210.602559547749,402.207427252512
"g813",40.7948011530505,1.84444548187553,1.75186996772671,170.234035973952,119.341450410391,152.650153626753
"g814",1474.73206168278,874.267158409,953.893197427195,2048.32953555686,2160.78226095991,1906.41175006894
"g815",0,1.84444548187553,0,11.042207738851,8.42410238190997,10.2910215928148
"g816",13.2583103747414,3.68889096375105,7.00747987090685,37.7275431077408,50.5446142914598,30.0154796457098
"g817",7.13909020178384,1.84444548187553,4.37967491931678,15.6431276300389,28.0803412730332,5.1455107964074
"g818",1531.84478329705,652.011477842999,862.795959105406,797.799509131983,567.222893715271,1138.8730562715
"g819",2428.31053863533,1694.12317510267,1981.36493349891,1623.20453761109,1632.87184502688,1480.19193909986
"g823",201.9342657076,216.722344120374,162.923906998584,169.313851995715,306.075719876062,347.321978757499
"g824",2.03974005765253,0,0,4.60091989118791,0,5.1455107964074
"g825",47.9338913548343,109.744506171594,99.8565881604226,11.042207738851,44.9285460368532,31.730649911179
"g826",321.259059080273,894.556058709631,818.999209912238,208.881763059931,405.76093139533,342.176467961092
"g827",53.0332414989657,46.1111370468882,56.9357739511182,34.0468071947905,39.3124777822465,23.1547985838333
"g829",1720.52073862991,1845.36770461646,1607.34069538926,2216.72320357433,2033.01670816761,1510.20741874557
"g830",1.01987002882626,6.45555918656434,7.88341485477021,0,0,0
"g831",6.11922017295758,61.7889236428302,70.0747987090685,5.52110386942549,0,0.857585132734566
"g832",48.9537613836606,675.067046366443,596.511724010946,29.4458873036026,64.5847849279764,120.061918582839
"g835",727.167330553125,653.855923324874,539.575950059828,275.135009493037,252.723071457299,381.625384066882
"g836",35.6954510089192,29.5111277100084,27.153984499764,106.741341475559,85.6450408827513,53.1702782295431
"g837",28.5563608071354,39.6555778603238,16.6427646934038,129.745940931499,148.825808747076,66.0340552205616
"g839",1049.44625966222,530.278076039214,790.093355444747,379.115799033883,518.082296487463,246.984518227555
"g840",16.3179204612202,31.355573191884,29.7817894513541,16.5633116082765,7.02008531825831,22.2972134510987
"g842",148.901024208634,132.800074695038,126.134637676323,192.318451451654,380.4886242496,121.777088848308
"g843",796.518492513311,725.78929711802,926.739212927431,1304.82088114089,2024.5926057857,752.959746540949
"g844",2396.69456774172,1747.61209407706,2018.15420282117,1513.70264420082,1156.91006044897,1847.23837591026
"g845",464.040863115949,532.12252152109,444.099036818722,389.237822794497,310.287771067017,498.256962118783
"g846",481.378653605996,458.344702246068,741.916931332263,1374.75486348695,1514.93441168014,841.29101521261
"g847",0,2.76666822281329,0.875934983863356,12.8825756953261,33.6964095276399,15.4365323892222
"g848",828.134463406925,813.400457507107,794.473030364064,767.433437850142,571.434944906226,927.049528486066
"g849",482.398523634822,553.333644562658,716.514816800226,680.015959917572,814.329896917964,888.458197513011
"g850",0,60.8667009018924,45.5486191608945,174.83495586514,73.0088873098864,102.052630795413
"g854",3.05961008647879,7.37778192750211,1.75186996772671,11.9623917170886,11.2321365092133,12.0061918582839
"g855",33.6557109512667,227.789017011628,192.705696449938,57.05140665073,67.3928190552797,73.7523214151727
"g856",341.656459656798,271.133485835702,248.765535417193,79.135822128432,67.3928190552797,150.077398228549
"g857",65.2716818448808,61.7889236428302,56.0598389672548,24.8449674124147,26.6763242093816,32.5882350439135
"g858",337.576979541493,296.033499841022,305.701309368311,138.947780713875,105.301279773875,235.835911502006
"g859",161.13946455455,164.155647886922,219.859680949702,257.651513906523,230.258798438872,264.993806014981
"g860",734.306420754909,404.855783271678,423.952532189864,587.997562093814,429.629221477408,523.126930968086
"g861",0,0,0.875934983863356,6.44128784766307,1.40401706365166,3.43034053093827
"g862",257.007247264218,159.544534182233,245.26179548174,352.430463664994,324.327941703534,258.990710085839
"g863",292.702698273137,497.078057365455,336.359033803529,47.8495668683542,26.6763242093816,58.3157890259505
"g864",0,1.84444548187553,0,11.042207738851,0,2.5727553982037
"g865",539.511245249093,391.944664898549,416.069117335094,326.665312274341,292.035549239546,293.294115395222
"g867",1414.55972998203,2111.89007674748,2077.71778172388,4631.28596246974,5867.38730900029,2526.44580103603
"g868",28.5563608071354,40.5778006012616,42.0448792254411,104.900973519084,168.482047638199,68.6068106187653
"g869",0,0,2.62780495159007,17.483495586514,14.0401706365166,0
"g870",0,0,0,14.7229436518013,5.61606825460664,0
"g871",436.50437233764,4208.10236689901,4760.70663729734,402.120398489823,453.497511559487,430.507736632752
"g872",0,11.0666728912532,6.13154488704349,41.4082790206911,4.21205119095498,18.0092877874259
"g873",1826.58722162784,1294.80072827662,1574.93110098631,403.04058246806,614.959473879428,517.123835038944
"g874",335.53723948384,303.411281768524,282.926999787864,749.949942263628,943.499466773916,661.198137338351
"g875",418.146711818768,227.789017011628,340.738708722846,168.393668017477,127.765552792301,309.588232917178
"g876",8.1589602306101,13.8333411140665,15.7668297095404,83.7367420196199,98.2811944556163,73.7523214151727
"g877",49.9736314124869,657.544814288625,706.879531977729,55.2110386942549,18.2522218274716,30.8730647784444
"g878",166.238814698681,243.46680360757,187.450086546758,126.985388996786,140.401706365166,144.074302299407
"g879",16.3179204612202,43.3444688240749,21.0224396127206,13.8027596735637,21.0602559547749,11.1486067255494
"g881",192.755435448164,178.911211741926,159.420167063131,223.604706711732,193.754354783929,263.278635749512
"g882",5.09935014413131,4.61111370468882,13.1390247579503,11.9623917170886,0,4.28792566367283
"g883",81.589602306101,142.022302104416,101.608458128149,115.943181257935,81.4329896917964,115.773992919166
"g884",1.01987002882626,0,0,4.60091989118791,0,16.2941175219568
"g885",1476.77180174043,1178.60066291846,1030.09954102331,542.908547160173,537.738535378586,733.235288488054
"g886",1208.54598415912,101.444501503154,170.807321853354,954.230785432371,2336.28439391636,811.2755355669
"g887",4.07948011530505,0,0.875934983863356,7.36147182590065,25.2723071457299,3.43034053093827
"g888",124.424143516804,57.1778099381413,35.0373993545343,51.5303027813045,16.8482047638199,33.4458201766481
"g889",10.1987002882626,4.61111370468882,3.50373993545343,8.28165580413823,4.21205119095498,6.86068106187653
"g890",0,3.68889096375105,0,17.483495586514,8.42410238190997,1.71517026546913
"g894",69.3511619601859,59.0222554200169,64.8191888058884,148.149620496251,106.705296837526,237.551081767475
"g895",158.079854468071,32.2777959328217,24.526179548174,140.78814867035,342.580163531005,114.058822653697
"g896",1348.26817810832,497.078057365455,615.782293655939,1300.2199612497,3366.83291863668,903.894729902233
"g897",88.7286925078849,658.467037029563,388.039197851467,246.609306167672,512.466228232856,195.529410263481
"g898",7.13909020178384,15.677786595942,10.5112198063603,30.3660712818402,42.1205119095498,7.7182661946111
"g899",60.1723317007495,333.84463221947,267.160170078324,49.6899348248294,165.674013510896,36.8761607075864
"g900",1082.08210058466,9641.83875650432,5591.0930019998,1097.77948603743,2656.40028442894,869.59132459285
"g901",318.199448993794,647.40036413831,584.248634236859,438.927757619326,358.024351231174,489.681110791437
"g902",1.01987002882626,10.1444501503154,0.875934983863356,6.44128784766307,28.0803412730332,7.7182661946111
"g903",186.636215275206,326.466850291968,330.227488916485,132.506492866212,189.542303592974,145.789472564876
"g904",578.266306344491,310.789063696026,310.956919271491,95.6991337367084,112.321365092133,175.804952210586
"g905",45.8941512971818,11.0666728912532,18.3946346611305,30.3660712818402,39.3124777822465,31.730649911179
"g906",443.643462539424,498.000280106392,304.825374384448,714.9829510906,666.908105234539,561.718261941141
"g907",597.64383689219,694.433723926136,702.499857058412,1499.89988452726,3773.99786709567,2484.42412953204
"g908",1052.5058697487,271.133485835702,567.605869543455,1877.17531560467,2948.43583366849,1356.69967998608
"g909",91.7883025943636,559.789203749222,492.275460931206,1413.40259057292,1194.81852116756,676.634669727573
"g913",805.697322772747,49.8000280106392,126.134637676323,242.928570254721,164.269996447244,155.222909024956
"g914",6286.47885768508,533.044744262027,830.386364702462,1802.64041336742,1646.9120156634,1212.62537768668
"g915",334.517369455014,519.211403147961,399.42635264169,500.580084161244,374.872555994994,584.01547539224
"g916",0,0,0,6.44128784766307,1.40401706365166,3.43034053093827
"g917",2685.31778589955,1658.1564882061,2037.42477246617,3741.468055514,5895.46765027333,2519.58511997416
"g919",230.490626514735,135.566742917851,135.76992249882,151.830356409201,126.361535728649,247.84210336029
"g920",46.9140213260081,31.355573191884,9.63528482249692,192.318451451654,89.8570920737063,153.507738759487
"g921",323.298799137925,328.311295773844,258.40082023969,637.687496918644,791.865623899537,560.003091675672
"g922",3708.24742481229,2756.52377266298,3786.66693524129,6135.78676688819,8846.71151806912,4114.69346686045
"g923",14975.7715032848,14158.8857416175,15935.0092264422,5704.22048109476,7705.24564532032,13548.1299269407
"g924",1.01987002882626,0.922222740937764,0,10.1220237606134,1.40401706365166,1.71517026546913
"g925",1512.46725274935,1998.45667961213,2505.1740538492,262.252433797711,240.086917884434,343.891638226561
"g926",390.610221040459,609.589231759862,611.402618736623,53.3706707377797,42.1205119095498,104.625386193617
"g927",218.25218616882,213.955675897561,445.850906786448,11.9623917170886,2.80803412730332,28.3003093802407
"g928",0,0,2.62780495159007,4.60091989118791,1.40401706365166,1.71517026546913
"g929",5.09935014413131,13.8333411140665,13.1390247579503,21.1642314994644,36.5044436549432,15.4365323892222
"g930",1349.28804813715,897.322726932444,894.329618524487,1037.04734347375,817.137931045267,1041.10835113976
"g932",4.07948011530505,8.30000466843987,7.00747987090685,31.2862552600778,51.9486313551115,15.4365323892222
"g933",209.073355909384,242.544580866632,230.370900756063,763.752701937192,1176.56629934009,446.801854154709
"g934",1.01987002882626,4.61111370468882,2.62780495159007,0,9.82811944556163,4.28792566367283
"g937",0,83.9222694253365,47.3004891286212,0,0,0
"g939",31.6159708936141,39.6555778603238,60.4395138865716,102.140421584371,73.0088873098864,92.6191943353332
"g940",18.3576605188727,41.5000233421994,72.7026036606586,110.42207738851,51.9486313551115,141.501546901203
"g941",53.0332414989657,160.466756923171,107.740003015193,136.187228779162,106.705296837526,297.582041058895
"g942",283.523868013701,271.133485835702,273.291714965367,997.479432409538,1305.73586919604,941.628475742554
"g943",2.03974005765253,3.68889096375105,4.37967491931678,8.28165580413823,15.4441877001683,34.3034053093827
"g944",286.58347810018,339.377968665097,360.009278367839,235.567098428821,273.783327412074,379.052628668678
"g945",40.7948011530505,38.7333551193861,48.1764241124846,37.7275431077408,30.8883754003365,30.0154796457098
"g946",999.472628249737,892.711613227755,721.770426703406,1304.82088114089,1559.862957717,1368.70587184437
"g947",352.875029973887,260.066812944449,369.644563190336,275.135009493037,349.600248849264,312.160988315382
"g948",77.510122190796,95.9111650575274,77.0822785799754,173.914771886903,230.258798438872,127.78018477745
"g949",162.159334583376,734.08930178646,511.5460305762,2102.62039027287,2546.88695346411,909.897825831375
"g950",142.781804035677,164.155647886922,128.762442627913,701.180191417037,606.535371497518,571.151698401221
"g951",598.663706921016,311.711286436964,361.761148335566,588.917746072052,358.024351231174,493.96903645511
"g952",2969.86152394208,2306.47907508535,2615.54186181598,3954.95073846512,5947.41628162844,2780.29100032546
"g953",823.035113262794,886.256054041191,669.214327671604,406.721318381011,238.682900820782,577.154794330363
"g954",1718.48099857225,1027.35613340467,1124.70051928055,1680.25594426182,1906.65517243896,1748.61608564578
"g956",1317.67207724353,1007.98945584498,832.138234670188,1706.02109565247,1088.11322433004,2361.789455551
"g957",2699.59596630312,2142.32342719842,2353.63730164084,1698.65962382657,4073.05350165347,1637.13001839029
"g958",66.2915518737071,20.2889003006308,12.263089774087,172.074403930428,866.278528273075,78.8978322115801
"g959",2150.90589079459,496.155834624517,790.969290428611,1398.67964692112,6983.58087460336,1784.63466122063
"g960",7.13909020178384,6.45555918656434,6.13154488704349,45.0890149336415,1.40401706365166,80.6130024770492
"g962",78.5299922196222,51.6444734925148,49.9282940802113,55.2110386942549,56.1606825460664,33.4458201766481
"g963",382.451260809849,576.389213086102,409.937572448051,332.186416143767,372.06452186769,363.616096279456
"g964",76.4902521619697,26.7444594871951,14.0149597418137,39.567911064216,390.316743695162,132.068110441123
"g966",25.4967507206566,44.2666915650126,22.7743095804473,4.60091989118791,19.6562388911233,25.727553982037
"g967",1042.30716946044,895.478281450568,855.788479234499,830.926132348536,561.606825460664,980.219806715609
"g968",2000.98499655713,1730.08986199924,1873.62493048372,2131.14609359824,2020.38055459474,1803.50153414079
"g969",16.3179204612202,35.9666868965728,16.6427646934038,50.610118803067,16.8482047638199,34.3034053093827
"g970",1182.02936340964,5755.59212619258,5577.95397724185,1310.34198501032,1842.07038751098,1314.67800848209
"g972",628.239937756978,700.8892831127,974.039702056052,1013.12256003958,1156.91006044897,1075.41175644915
"g973",2.03974005765253,53.4889189743903,24.526179548174,4.60091989118791,5.61606825460664,4.28792566367283
"g975",0,81.1556012025232,21.8983745965839,0,0,0
"g976",597.64383689219,3567.15756194727,2107.49957117524,1468.61362926718,2796.80199079411,1076.26934158188
"g977",363.07373026215,378.111323784483,384.535457916013,199.679923277555,178.310167083761,293.294115395222
"g978",866.889524502323,834.611580548676,849.656934347456,1138.26758107989,1621.63970851767,836.145504416202
"g979",86.6889524502323,152.166752254731,94.6009782572425,331.266232165529,308.883754003365,162.941175219568
"g981",757.763431417913,986.778332803407,607.022943817306,879.695883195127,401.548880204375,716.083585833363
"g983",27.5364907783091,49.8000280106392,63.943253822025,11.9623917170886,23.8682900820782,13.7213621237531
"g984",0,0,1.75186996772671,1.84036795647516,14.0401706365166,1.71517026546913
"g985",2462.98611961542,2936.35720714584,3559.79977442068,2645.52893743305,2076.54123714081,2304.33125165778
"g986",90.7684325655374,123.57784728566,150.660817224497,129.745940931499,49.1405972278081,81.4705876097838
"g987",245.788676947129,205.655671229121,213.728136062659,278.815745405987,324.327941703534,374.764703005005
"g990",11.2185703170889,1.84444548187553,7.88341485477021,0,1.40401706365166,2.5727553982037
"g991",2710.81453662021,2486.31250956821,2951.90089561951,1417.08332648587,1388.57287595149,961.352933795449
"g992",2.03974005765253,6.45555918656434,12.263089774087,8.28165580413823,0,0
"g994",14.2781804035677,34.1222414146972,22.7743095804473,0.920183978237581,8.42410238190997,11.1486067255494
"g995",6.11922017295758,28.5889049690707,23.6502445643106,35.8871751512657,8.42410238190997,23.1547985838333
"g996",12.2384403459152,35.044464155635,7.88341485477021,5.52110386942549,2.80803412730332,30.8730647784444
"g997",7.13909020178384,17.5222320778175,17.5186996772671,16.5633116082765,9.82811944556163,13.7213621237531
"g998",430.385152164683,482.32249351045,593.007984075492,677.25540798286,1642.69996447244,453.662535216586
"g1000",105.046612969105,114.355619876283,137.521792466547,169.313851995715,162.865979383593,107.198141591821
"g1001",6.11922017295758,11.0666728912532,5.25560990318014,24.8449674124147,28.0803412730332,16.2941175219568
"g1003",0,0,2.62780495159007,0.920183978237581,1.40401706365166,5.1455107964074
"g1006",871.988874646455,913.922736269324,824.254819815418,156.431276300389,230.258798438872,191.241484599808
"g1007",482.398523634822,403.93356053074,316.212529174672,1629.64582545876,1128.82971917594,1035.96284034336
"g1008",900.54523545359,1090.06727978844,1115.06523445805,1373.83467950871,1051.60878067509,1060.83280919266
"g1009",39.7749311242242,21.2111230415686,25.4021145320373,58.8917746072052,35.1004265912915,61.7461295568888
"g1010",566.027865998576,414.078010681056,501.910745753703,868.653675456276,640.231781025157,694.643957514999
"g1011",255.987377235392,106.055615207843,78.8341485477021,40.4880950424536,14.0401706365166,42.8792566367283
"g1012",1836.7859219161,423.300238090433,430.960012060771,195.079003386367,157.249911128986,371.334362474067
"g1013",84.6492123925798,210.26678493381,133.14211754723,62.5725105201555,195.158371847581,117.489163184636
"g1014",1844.94488214671,1805.71212675614,1614.34817526017,1172.31438827468,665.504088170887,1162.02785485534
"g1015",1644.03048646794,1750.37876229988,2037.42477246617,1156.67126064464,772.209385008414,1753.76159644219
"g1016",544.610595393224,612.355899982675,504.538550705293,684.61687980876,585.475115542743,556.572751144734
"g1017",1672.58684727507,1336.30075161882,1108.93368957101,1902.02028301708,1874.36277997497,1392.71825556094
"g1018",399.789051299895,336.611300442284,326.723748981032,350.590095708518,393.124777822465,463.095971676666
"g1019",17.3377904900465,10.1444501503154,11.3871547902236,25.7651513906523,5.61606825460664,1.71517026546913
"g1020",744.505121043172,850.289367144618,896.081488492213,1317.70345683622,1778.88961964665,1154.30958866073
"g1021",361.033990204497,452.811365800442,663.082782784561,1356.35118392219,2952.64788485944,596.021667250524
"g1022",95.8677827096687,280.35571324508,289.058544674908,500.580084161244,1353.4724493602,284.718264067876
"g1023",22.4371406341778,12.9111183731287,19.2705696449938,75.4550862154816,43.5245289732015,147.504642830345
"g1024",45.8941512971818,40.5778006012616,35.0373993545343,149.069804474488,44.9285460368532,101.195045662679
"g1025",189.695825361685,165.07787062786,118.251222821553,177.595507799853,286.419480984939,177.520122476055
"g1026",387.55061095398,426.066906313247,415.193182351231,116.863365236173,75.8169214371897,70.3219808842344
"g1032",0,0,0.875934983863356,9.20183978237581,0,7.7182661946111
"g1033",479.338913548343,320.011291105404,251.393340368783,135.267044800924,175.502132956458,397.919501588839
"g1034",7.13909020178384,1.84444548187553,5.25560990318014,18.4036795647516,8.42410238190997,7.7182661946111
"g1035",1724.60021874521,1226.55624544723,1191.27157805416,2230.5259632479,2903.50728763164,2607.05880351308
"g1036",7.13909020178384,2.76666822281329,0.875934983863356,1.84036795647516,4.21205119095498,4.28792566367283
"g1037",54.0531115277919,171.533429814424,131.390247579503,58.8917746072052,77.2209385008414,96.0495348662714
"g1038",64.2518118160545,47.9555825287637,50.8042290640747,114.10281330146,46.3325631005048,51.455107964074
"g1039",650.677078391156,643.711473174559,707.755466961592,702.100375395274,1026.33647352936,839.57584494714
"g1040",278.42451786957,286.811272431644,284.678869755591,163.792748126289,554.586740142406,352.467489553907
"g1041",24.4768806918303,105.133392466905,90.2213033379257,33.1266232165529,85.6450408827513,27.4427242475061
"g1042",5803.06046402143,4616.64704113444,5997.5268345124,9345.38848298087,15393.6430858768,6801.50768771785
"g1044",1638.9311363238,500.766948329206,322.344074061715,1181.51622805705,1426.48133667009,594.306496985054
"g1045",1505.32816254756,977.556105394029,774.326525735207,841.048156109149,956.135620346781,992.225998573893
"g1046",0,0,1.75186996772671,2.76055193471274,12.636153572865,2.5727553982037
"g1047",288.623218157832,434.366910981687,366.140823254883,107.661525453797,88.4530750100547,84.0433430079875
"g1048",8.1589602306101,3.68889096375105,9.63528482249692,6.44128784766307,4.21205119095498,0.857585132734566
"g1049",85.6690824214061,69.1667055703323,52.5560990318014,42.3284629989287,22.4642730184266,20.5820431856296
"g1050",346.755809800929,240.700135384756,250.51740538492,52.4504867595421,143.209740492469,114.916407786432
"g1051",364.093600290976,341.222414146972,218.983745965839,160.112012213339,203.582474229491,253.845199289432
"g1052",3286.02123287822,663.078150734252,847.029129395866,1518.30356409201,2179.03448278738,1868.67800422862
"g1053",487.497873778954,412.23356519918,586.000504204585,678.175591961097,763.785282626504,848.151696274486
"g1054",6147.77653376471,616.967013687364,546.583429930734,2776.19506234278,8668.40135098536,2492.14239572665
"g1055",395.70957118459,294.189054359147,297.817894513541,182.196427691041,192.350337720278,256.417954687635
"g1056",44.8742812683556,24.9000140053196,21.8983745965839,125.145021040311,147.421791683424,82.3281727425184
"g1058",1408.44050980907,714.722624226767,753.304086122486,685.537063786998,915.419125500883,667.201233267493
"g1059",41.8146711818768,67.3222600884567,53.4320340156647,93.8587657802333,68.7968361189314,83.1857578752529
"g1060",33.6557109512667,11.9888956321909,16.6427646934038,11.042207738851,5.61606825460664,17.1517026546913
"g1061",6.11922017295758,13.8333411140665,1.75186996772671,0.920183978237581,4.21205119095498,0.857585132734566
"g1062",0,10.1444501503154,0,0,0,0
"g1063",0,23.0555685234441,1.75186996772671,0.920183978237581,0,2.5727553982037
"g1064",1976.5081158653,2411.61246755225,1762.38118753307,155.511092322151,1176.56629934009,467.383897340339
"g1076",935.220816433683,988.622778285282,848.780999363592,1121.70426947161,899.974937800715,999.944264768504
"g1077",45.8941512971818,43.3444688240749,26.2780495159007,35.8871751512657,16.8482047638199,15.4365323892222
"g1080",10.1987002882626,11.9888956321909,9.63528482249692,40.4880950424536,23.8682900820782,29.1578945129753
"g1081",0,1.84444548187553,0.875934983863356,11.042207738851,0,8.57585132734566
"g1082",369.192950435107,308.022395473213,235.626510659243,704.860927329987,578.455030224484,590.018571321382
"g1084",11.2185703170889,4.61111370468882,12.263089774087,17.483495586514,47.7365801641565,17.1517026546913
"g1085",2.03974005765253,5.53333644562658,1.75186996772671,20.2440475212268,0,15.4365323892222
"g1086",578.266306344491,339.377968665097,455.486191608945,442.608493532276,525.102381805721,485.393185127765
"g1087",707.789800005426,336.611300442284,368.768628206473,660.692096374583,793.269640963189,463.095971676666
"g1088",225.391276370604,130.955629213162,160.296102046994,323.904760339628,328.539992894489,194.671825130747
"g1095",3277.86227264761,1283.73405538537,1328.79337052071,2270.09387431211,4101.1338429265,1915.84518652902
"g1096",171.338164842812,283.122381467893,205.844721207889,853.010547826237,1319.77603983256,873.021665123788
"g1097",89.7485625367111,79.3111557206477,61.3154488704349,118.703733192648,206.390508356794,76.3250768133764
"g1099",4.07948011530505,17.5222320778175,18.3946346611305,4.60091989118791,0,0
"g1100",79.5498622484485,408.544674235429,184.822281595168,40.4880950424536,80.0289726281447,92.6191943353332
"g1102",1885.73968329976,905.622731600884,1178.13255329621,1924.10469849478,2374.19285463496,2417.53248917874
"g1103",585.405396546275,1103.9006209025,943.381977620835,752.710494198341,1089.51724139369,1147.44890759885
"g1104",161.13946455455,189.977884633179,168.179516901764,1633.32656137171,2743.44934237535,1500.77398228549
"g1105",101.987002882626,103.28894698503,90.2213033379257,858.531651695663,1655.33611804531,796.696588310412
"g1106",810.796672916879,373.500210079794,786.589615509294,166.553300061002,137.593672237863,218.684208847314
"g1107",0,7.37778192750211,5.25560990318014,1.84036795647516,0,5.1455107964074
"g1108",60.1723317007495,14.7555638550042,20.1465046288572,1.84036795647516,8.42410238190997,18.0092877874259
"g1109",193.77530547699,35.9666868965728,69.1988637252051,34.0468071947905,25.2723071457299,44.5944269021974
"g1110",870.969004617628,1275.43405071693,1315.65434576276,516.223211791283,956.135620346781,664.628477869289
"g1111",20.3974005765253,58.1000326790791,24.526179548174,7.36147182590065,12.636153572865,17.1517026546913
"g1112",336.557109512667,807.867121061481,769.070915832027,196.919371342842,398.740846077072,687.783276453122
"g1113",586.425266575101,374.422432820732,503.66261572143,605.481057680328,984.215961619814,508.547983711598
"g1114",683.312919313596,440.822470168251,546.583429930734,471.134196857641,819.94596517257,538.563463357308
"g1115",0,3.68889096375105,0,1.84036795647516,1.40401706365166,8.57585132734566
"g1116",77.510122190796,119.888956321909,83.2138234670188,5.52110386942549,42.1205119095498,38.5913309730555
"g1117",16.3179204612202,21.2111230415686,22.7743095804473,1.84036795647516,4.21205119095498,5.1455107964074
"g1118",71.3909020178384,118.044510840034,56.9357739511182,23.9247834341771,49.1405972278081,56.6006187604814
"g1119",21.4172706053515,35.044464155635,37.6652043061243,56.1312226724924,36.5044436549432,49.7399376986048
"g1120",490.557483865432,486.011384474201,479.136436173256,1040.7280793867,658.484002852629,674.061914329369
"g1121",1292.17532652287,1124.18952120313,1179.88442326394,2489.09766113266,2699.92481340214,1482.76469449807
"g1122",2.03974005765253,3.68889096375105,6.13154488704349,119.623917170886,329.94400995814,2.5727553982037
"g1123",0,0.922222740937764,0.875934983863356,31.2862552600778,22.4642730184266,11.1486067255494
"g1124",316.159708936141,451.889143059504,446.726841770312,565.913146616112,714.644685398696,739.238384417196
"g1125",757.763431417913,525.666962334525,475.632696237802,573.274618442013,306.075719876062,670.631573798431
"g1126",258.027117293044,945.278309461208,858.416284186089,86.4972939543326,80.0289726281447,182.665633272463
"g1128",1736.83865909113,2493.69029149571,2132.02575072341,2395.23889535242,1962.81585498502,1652.56655077951
"g1129",122.384403459152,204.733448488184,160.296102046994,69.0137983678186,43.5245289732015,145.789472564876
"g1130",90.7684325655374,142.022302104416,108.615937999056,57.9715906289676,37.9084607185949,101.195045662679
"g1131",268.225817581307,190.900107374117,164.675776966311,149.069804474488,168.482047638199,236.69349663474
"g1133",1191.20819366907,561.633649231098,657.827172881381,2916.06302703489,4695.03306085115,1998.17335927154
"g1134",93.8280426520162,62.7111463837679,80.5860185154288,272.374457558324,398.740846077072,185.238388670666
"g1135",1228.94338473565,789.422666242726,593.883919059356,385.557086881546,223.238713120614,806.987609903227
"g1136",45.8941512971818,65.4778146065812,40.2930092577144,9.20183978237581,8.42410238190997,36.8761607075864
"g1138",181.536865131075,186.288993669428,156.792362111541,125.145021040311,54.7566654824148,159.510834688629
"g1139",60.1723317007495,53.4889189743903,28.0299194836274,139.867964692112,75.8169214371897,96.0495348662714
"g1140",4.07948011530505,18.4444548187553,11.3871547902236,16.5633116082765,32.2923924639882,10.2910215928148
"g1141",443.643462539424,681.522605553007,1091.41498989374,1036.12715949552,1102.15339496655,652.622286011005
"g1142",42.834541210703,21.2111230415686,43.7967491931678,76.3752701937192,84.2410238190997,37.7337458403209
"g1143",464.040863115949,527.511407816401,497.531070834386,909.14177049873,1210.26270886773,720.371511497036
"g1144",1153.4730026025,1588.98978263577,1215.79775760234,1583.63662654688,1110.57749734846,1485.33744989627
"g1149",301.881528532574,394.711333121363,369.644563190336,309.181816687827,275.187344475726,362.758511146722
"g1150",668.014868881202,607.744786277986,599.139528962536,598.119585854428,433.841272668363,796.696588310412
"g1151",36.7153210377455,146.633415809104,92.8491082895158,159.191828235101,176.906150020109,176.662537343321
"g1152",136.662583862719,91.3000513528386,167.303581917901,619.283817353892,586.879132606394,259.848295218574
"g1153",454.862032856513,674.144823625505,496.655135850523,542.908547160173,499.830074659991,309.588232917178
"g1154",46.9140213260081,9.22222740937764,32.4095944029442,64.4128784766307,43.5245289732015,40.3065012385246
"g1155",651.696948419982,441.744692909189,439.719361899405,919.263794259343,864.874511209423,922.761602822393
"g1156",78.5299922196222,168.766761591611,163.799841982448,122.384469105598,87.049057946403,35.1609904421172
"g1157",753.683951302608,1076.23393867437,801.480510234971,43.2486469771663,61.7767508006731,85.7585132734566
"g1158",36.7153210377455,79.3111557206477,63.943253822025,1.84036795647516,0,14.5789472564876
"g1162",237.629716716519,234.244576198192,217.231875998112,399.35984655511,270.975293284771,367.904021943129
"g1163",60.1723317007495,40.5778006012616,35.0373993545343,26.6853353688898,1.40401706365166,20.5820431856296
"g1164",25.4967507206566,20.2889003006308,7.00747987090685,4.60091989118791,0,2.5727553982037
"g1165",215.192576082341,204.733448488184,155.916427127677,270.534089601849,224.642730184266,255.560369554901
"g1167",41.8146711818768,54.411141715328,34.1614643706709,36.8073591295032,30.8883754003365,47.1671823004011
"g1168",280.464257927222,126.344515508474,253.14521033651,539.227811247222,570.030927842574,319.879254509993
"g1169",66.2915518737071,34.1222414146972,87.5934983863356,120.544101149123,213.410593675052,114.916407786432
"g1170",4.07948011530505,9.22222740937764,26.2780495159007,21.1642314994644,23.8682900820782,13.7213621237531
"g1172",48.9537613836606,49.8000280106392,65.6951237897517,358.871751512657,2156.57020976895,352.467489553907
"g1173",653.736688477634,445.43358387294,458.113996560535,495.979164270056,415.589050840892,547.139314684653
"g1174",639.458508074067,663.078150734252,619.286033591393,2473.45453350262,2115.85371492305,1592.53559148809
"g1175",83.6293423637535,88.5333831300253,98.1047181926959,6.44128784766307,7.02008531825831,19.724458052895
"g1176",9.17883025943636,2.76666822281329,1.75186996772671,0,1.40401706365166,0
"g1177",7.13909020178384,0,3.50373993545343,0,0,0.857585132734566
"g1179",36.7153210377455,236.089021680067,134.893987514957,23.9247834341771,22.4642730184266,101.195045662679
"g1180",12.2384403459152,18.4444548187553,17.5186996772671,13.8027596735637,2.80803412730332,8.57585132734566
"g1182",44.8742812683556,26.7444594871951,36.789269322261,3.68073591295032,1.40401706365166,12.8637769910185
"g1183",16.3179204612202,15.677786595942,30.6577244352175,16.5633116082765,18.2522218274716,20.5820431856296
"g1184",271.285427667786,146.633415809104,141.901467385864,31.2862552600778,60.3727337370214,69.4643957514999
"g1186",17.3377904900465,11.9888956321909,15.7668297095404,1.84036795647516,0,0
"g1187",160.119594525723,260.989035685387,424.828467173728,20.2440475212268,7.02008531825831,25.727553982037
"g1188",525.233064845525,1817.70102238833,1824.57257138737,127.905572975024,99.6852115192679,277.857583005999
"g1189",45.8941512971818,23.0555685234441,35.9133343383976,27.6055193471274,26.6763242093816,52.3126930968085
"g1191",203.974005765253,1256.98959589817,1242.9517421021,1385.7970712258,1001.06416638363,1416.7306392775
"g1192",919.922766001289,518.289180407023,434.463751996225,317.463472491965,179.714184147413,409.068108314388
"g1194",26.5166207494828,12.9111183731287,24.526179548174,11.9623917170886,22.4642730184266,0.857585132734566
"g1195",480.35878357717,604.978118055173,710.383271913182,613.762713484466,904.18698899167,360.185755748518
"g1197",1023.94950894157,679.678160071132,671.842132623194,1483.33657291898,1298.71578387779,1080.55726724555
"g1198",497.696574067216,398.400224085114,423.076597206001,1225.68505901246,841.006221127345,764.965938399233
"g1199",0,0,0,10.1220237606134,2.80803412730332,3.43034053093827
"g1200",752.664081273782,582.844772272667,813.743600009058,573.274618442013,657.079985788977,1276.08667750903
"g1201",104.026742940279,524.744739593587,981.923116910822,36.8073591295032,60.3727337370214,34.3034053093827
"g1203",240.689326802998,236.089021680067,285.554804739454,220.844154777019,126.361535728649,234.120741236537
"g1204",0,0,0,2.76055193471274,14.0401706365166,0
"g1205",1.01987002882626,13.8333411140665,13.1390247579503,22.0844154777019,8.42410238190997,12.0061918582839
"g1207",223.351536312952,630.80035480143,480.888306140983,353.350647643231,482.981869896171,72.0371511497036
"g1208",4942.29015969207,11608.0176401836,8500.94901839387,3378.9155680884,5217.32740852957,5450.8111036609
"g1210",34.6755809800929,11.9888956321909,13.1390247579503,1.84036795647516,35.1004265912915,11.1486067255494
"g1211",6.11922017295758,8.30000466843987,15.7668297095404,0,15.4441877001683,2.5727553982037
"g1215",4.07948011530505,23.9777912643819,15.7668297095404,11.9623917170886,1.40401706365166,21.4396283183642
"g1219",474.239563404212,678.755937330194,658.703107865244,921.104162215819,899.974937800715,780.402470788455
"g1220",1072.90327032523,869.656044704311,790.969290428611,390.158006772734,519.486313551115,483.678014862295
"g1221",0,0,0.875934983863356,10.1220237606134,0,11.1486067255494
"g1222",0,0,0,0,4.21205119095498,18.8668729201605
"g1223",5.09935014413131,4.61111370468882,0,16.5633116082765,5.61606825460664,12.0061918582839
"g1224",7.13909020178384,5.53333644562658,6.13154488704349,23.9247834341771,39.3124777822465,13.7213621237531
"g1225",10.1987002882626,1.84444548187553,6.13154488704349,10.1220237606134,5.61606825460664,1.71517026546913
"g1226",1625.67282594906,733.167079045522,828.634494734735,1879.01568356114,2142.53003913243,1053.11454299805
"g1227",384.491000867501,596.678113386733,490.52359096348,712.222399155888,871.894596527682,757.247672204622
"g1230",64.2518118160545,586.533663236418,336.359033803529,3.68073591295032,0,7.7182661946111
"g1231",198.874655621121,226.86679427069,203.216916256299,22.0844154777019,18.2522218274716,52.3126930968085
"g1232",931.141336318378,863.200485517747,862.795959105406,34.9669911730281,127.765552792301,207.535602121765
"g1234",914.823415857158,697.200392148949,739.289126380673,806.081164936121,470.345716323306,1087.41794830743
"g1235",46.9140213260081,34.1222414146972,37.6652043061243,27.6055193471274,28.0803412730332,54.0278633622777
"g1236",9.17883025943636,15.677786595942,13.1390247579503,25.7651513906523,0,27.4427242475061
"g1237",64.2518118160545,151.244529513793,88.469433370199,17.483495586514,44.9285460368532,30.8730647784444
"g1239",115.245313257368,411.311342458243,452.858386657355,226.365258646445,447.88144330488,243.554177696617
"g1240",395.70957118459,468.489152396384,468.625216366896,532.786523399559,697.796480634876,701.504638576875
"g1241",4.07948011530505,7.37778192750211,2.62780495159007,0,0,0
"g1242",5223.77428764812,3619.72425818072,4638.95167454034,7972.4739874504,11191.4200143674,5009.1547603026
"g1243",165.218944669855,561.633649231098,513.297900543927,122.384469105598,103.897262710223,104.625386193617
"g1244",364.093600290976,1067.01171126499,1776.39614727489,334.946968078479,492.809989341733,375.62228813774
"g1245",1188.1485835826,2284.34572930284,4379.67491931678,538.307627268985,377.680590122297,673.204329196635
"g1246",0,1.84444548187553,19.2705696449938,0,9.82811944556163,0.857585132734566
"g1247",5920.34551733645,677.833714589256,1540.76963661564,4110.46183078727,7503.06718815448,2598.48295218574
"g1249",439.563982424119,273.900154058516,466.873346399169,576.955354354963,287.823498048591,560.860676808406
"g1251",896.465755338285,464.800261432633,420.448792254411,434.326837728138,557.39477426971,524.842101233555
"g1252",13.2583103747414,9.22222740937764,14.8908947256771,4.60091989118791,9.82811944556163,4.28792566367283
"g1253",36.7153210377455,21.2111230415686,14.8908947256771,3.68073591295032,4.21205119095498,18.8668729201605
"g1254",2.03974005765253,4.61111370468882,1.75186996772671,8.28165580413823,0,7.7182661946111
"g1255",912.783675799505,1414.68968459853,1413.75906395546,484.936956531205,563.010842524316,457.950460880258
"g1256",6015.1934300173,2276.96794737534,3118.32854255355,2675.89500871489,2643.76413085608,1725.46128706195
"g1259",66.2915518737071,73.7778192750211,64.8191888058884,12.8825756953261,60.3727337370214,30.0154796457098
"g1260",81.589602306101,122.655624544723,63.0673188381617,21.1642314994644,5.61606825460664,23.1547985838333
"g1261",313.100098849663,5338.74744728871,1127.32832423214,227.285442624682,558.798791333361,378.195043535944
"g1262",124.424143516804,193.66677559693,112.11967793451,92.0183978237581,102.493245646571,123.492259113778
"g1263",4.07948011530505,3.68889096375105,4.37967491931678,14.7229436518013,11.2321365092133,13.7213621237531
"g1264",13.2583103747414,15.677786595942,23.6502445643106,4.60091989118791,0,7.7182661946111
"g1266",28.5563608071354,22.1333457825063,18.3946346611305,0.920183978237581,12.636153572865,6.86068106187653
"g1268",28.5563608071354,11.9888956321909,29.7817894513541,57.05140665073,43.5245289732015,34.3034053093827
"g1269",1059.64495995049,1197.04511773722,1437.40930851977,1908.46157086474,2466.85798083597,993.083583706628
"g1271",238.649586745345,849.36714440368,891.701813572897,288.9377691666,272.379310348422,266.70897628045
"g1272",19.377530547699,20.2889003006308,7.88341485477021,49.6899348248294,40.7164948458982,35.1609904421172
"g1273",1201.40689395734,1414.68968459853,1419.8906088425,861.292203630376,700.604514762179,1186.04023857191
"g1274",0,3.68889096375105,0,3.68073591295032,4.21205119095498,0
"g1275",662.915518737071,617.889236428302,741.916931332263,1097.77948603743,1060.032883057,995.656339104831
"g1276",519.113844672568,341.222414146972,329.351553932622,235.567098428821,400.144863140723,208.3931872545
"g1277",297.802048417269,426.989129054185,423.076597206001,322.984576361391,388.91272663151,404.780182650715
"g1279",1555.30179396005,3696.26874567856,3096.43016795696,420.524078054574,710.432634207741,487.108355393234
"g1280",1571.61971442127,3926.824430913,3054.38528873152,568.673698550825,1243.95911839537,584.873060524974
"g1281",329.418019310883,225.022348788814,243.509925514013,195.079003386367,153.037859938031,324.167180173666
"g1282",121.364533430325,92.2222740937763,94.6009782572425,44.1688309554039,32.2923924639882,114.058822653697
"g1283",0,15.677786595942,24.526179548174,0.920183978237581,0,5.1455107964074
"g1284",237.629716716519,158.622311441295,92.8491082895158,284.336849275412,195.158371847581,258.990710085839
"g1285",58908.7127350338,5004.90281506924,10715.3126576004,53574.9515809484,117948.665483249,48650.8045800319
"g1286",29.5762308359616,71.9333737931455,62.1913838542983,175.755139843378,241.490934948086,170.659441414179
"g1288",3326.81603403127,960.95609605715,556.218714753231,1182.43641203529,1399.80501246071,709.222904771486
"g1289",1014.77067868213,4295.7135272881,4146.67621360913,3176.47509287613,4401.59349454796,1610.54487927552
"g1291",88.7286925078849,276.666822281329,207.596591175615,152.750540387438,391.720760758813,176.662537343321
"g1292",131.563233718588,180.755657223802,162.923906998584,201.52029123403,219.026661929659,182.665633272463
"g1293",2.03974005765253,16.6000093368797,10.5112198063603,4.60091989118791,18.2522218274716,8.57585132734566
"g1294",192.755435448164,941.589418497457,636.80473326866,218.083602842307,401.548880204375,280.430338404203
"g1295",175.417644958117,123.57784728566,106.864068031329,96.619317714946,164.269996447244,106.340556459086
"g1296",99.9472628249737,161.388979664109,77.9582135638387,103.060605562609,26.6763242093816,86.6160984061912
"g1297",129.523493660935,271.133485835702,151.536752208361,1.84036795647516,16.8482047638199,48.8823525658703
"g1298",1876.56085304032,1470.94527179573,1268.35385663414,1465.85307733247,772.209385008414,1487.05262016174
"g1299",0,3.68889096375105,0,15.6431276300389,5.61606825460664,11.1486067255494
"g1300",3020.85502538339,3818.92437022328,3608.85213351703,4192.35820485042,4821.3945965798,4046.94424137442
"g1301",30.5961008647879,48.8778052697015,62.1913838542983,32.2064392383153,49.1405972278081,34.3034053093827
"g1302",1360.50661845423,1379.64522044289,1342.80833026253,1812.76243712803,3637.80821192145,1999.03094440427
"g1303",296.782178388442,278.511267763205,244.385860497876,191.398267473417,140.401706365166,198.959750794419
"g1304",4.07948011530505,15.677786595942,7.88341485477021,6.44128784766307,0,2.5727553982037
"g1305",6325.23391878048,6244.3701788896,5784.6746334336,1683.01649619654,2465.45396377232,2148.25075750009
"g1306",1075.96288041171,947.122754943083,1370.83824974615,325.745128296104,304.671702812411,400.492256987042
"g1307",1279.93688617696,2818.31269630581,3636.00611801679,2269.17369033387,3157.63437615259,1272.6563369781
"g1309",429.365282135857,417.766901644807,801.480510234971,2080.53597479517,5256.63988631182,1836.94735431744
"g1310",86.6889524502323,221.333457825063,164.675776966311,61.6523265419179,42.1205119095498,47.1671823004011
"g1311",0,10.1444501503154,3.50373993545343,37.7275431077408,1.40401706365166,26.5851391147716
"g1312",31.6159708936141,124.500070026598,91.9731733056524,34.9669911730281,67.3928190552797,58.3157890259505
"g1313",356.954510089192,1303.10073294506,962.652547265829,1573.51460278626,2106.02559547749,1417.58822441024
"g1314",381.431390781022,379.955769266359,376.652043061243,237.407466385296,87.049057946403,258.990710085839
"g1315",20.3974005765253,35.044464155635,22.7743095804473,14.7229436518013,8.42410238190997,28.3003093802407
"g1317",1020.88989885509,1167.53399002721,901.337098395394,898.099562759879,935.075364392006,997.371509370301
"g1318",1144.29417234307,649.244809620185,607.898878801169,234.646914450583,258.339139711906,503.40247291519
"g1319",0,0,0,8.28165580413823,2.80803412730332,1.71517026546913
"g1320",387.55061095398,142.022302104416,85.8416284186089,739.827918503015,294.843583366849,850.72445167269
"g1322",238.649586745345,660.311482511439,1125.57645426441,75.4550862154816,32.2923924639882,89.1888538043949
"g1323",70.3710319890121,212.111230415686,191.829761466075,14.7229436518013,2.80803412730332,16.2941175219568
"g1324",998.452758220911,574.544767604227,767.3190458643,1254.21076233782,1940.3515819666,820.70897202698
"g1325",182.556735159901,177.988989000988,230.370900756063,192.318451451654,186.734269465671,345.60680849203
"g1326",0,0,0,3.68073591295032,11.2321365092133,0.857585132734566
"g1327",50.9935014413131,117.122288099096,60.4395138865716,46.009198911879,50.5446142914598,37.7337458403209
"g1328",3.05961008647879,11.0666728912532,18.3946346611305,2.76055193471274,0,4.28792566367283
"g1329",220.291926226473,130.955629213162,98.9806531765593,371.754327207983,355.21631710387,397.061916456104
"g1330",16369.9338326903,4587.13591342444,4820.27021620005,4180.39581313333,7226.4758266151,5405.35909162597
"g1332",22.4371406341778,26.7444594871951,23.6502445643106,45.0890149336415,37.9084607185949,40.3065012385246
"g1333",2061.15732825788,1538.26753188419,1702.81760863036,2601.36010647764,4203.62708857307,1640.56035892123
"g1334",9.17883025943636,14.7555638550042,6.13154488704349,131.586308887974,39.3124777822465,225.544889909191
"g1335",767.962131706176,904.700508859946,797.976770299518,691.978351634661,504.042125850946,605.455103710604
"g1336",639.458508074067,761.755984014593,714.762946832499,702.100375395274,568.626910778923,714.368415567894
"g1337",116.265183286194,96.8333877984652,158.544232079267,149.989988452726,217.622644866007,130.352940175654
"g1338",31.6159708936141,62.7111463837679,105.988133047466,34.0468071947905,25.2723071457299,31.730649911179
"g1339",119.324793372673,255.45569923976,226.867160820609,58.8917746072052,158.653928192638,37.7337458403209
"g1341",11.2185703170889,5.53333644562658,16.6427646934038,12.8825756953261,16.8482047638199,45.452012034932
"g1342",156.040114410418,201.044557524432,149.784882240634,324.824944317866,393.124777822465,244.411762829351
"g1343",2145.80654065046,3604.04647158478,6388.19383731546,3501.300037194,6268.93618920467,2233.15168564081
"g1344",362.053860233323,668.611487179879,845.277259428139,403.960766446298,467.537682196003,397.061916456104
"g1345",20.3974005765253,47.9555825287637,21.0224396127206,38.6477270859784,23.8682900820782,34.3034053093827
"g1348",4.07948011530505,14.7555638550042,43.7967491931678,47.8495668683542,49.1405972278081,12.0061918582839
"g1349",141.761934006851,514.600289443272,525.560990318014,301.820344861927,372.06452186769,222.114549378253
"g1350",1086.16158069997,917.611627233075,1207.0384077637,5614.04245122748,17305.9143265704,6723.467440639
"g1351",1091.2609308441,1321.54518776382,1376.9697946332,2148.62958918475,3825.94649845078,1788.92258688431
"g1354",20.3974005765253,12.9111183731287,0,7.36147182590065,0,9.43343646008023
"g1355",174.397774929291,142.022302104416,138.39772745041,122.384469105598,136.189655174211,268.424146545919
"g1356",21.4172706053515,20.2889003006308,18.3946346611305,21.1642314994644,22.4642730184266,31.730649911179
"g1357",244.768806918303,183.522325446615,255.7730152881,552.110386942549,568.626910778923,298.439626191629
"g1358",43.8544112395293,57.1778099381413,29.7817894513541,69.0137983678186,73.0088873098864,42.8792566367283
"g1359",19.377530547699,40.5778006012616,13.1390247579503,10.1220237606134,35.1004265912915,13.7213621237531
"g1360",4.07948011530505,0.922222740937764,1.75186996772671,6.44128784766307,1.40401706365166,3.43034053093827
"g1361",1.01987002882626,0.922222740937764,3.50373993545343,6.44128784766307,5.61606825460664,8.57585132734566
"g1362",1407.42063978024,7060.53730461952,8064.73339642992,1452.0503176589,1948.77568434851,1637.13001839029
"g1363",515.034364557263,660.311482511439,1059.88133047466,300.900160883689,553.182723078755,380.767798934147
"g1364",324.318669166752,477.711379805762,488.771720995753,92.9385818019957,108.109313901178,197.24458052895
"g1365",19065.4503188782,2325.84575264504,3160.37342177899,3891.45804396673,5531.82723078754,8998.6407977838
"g1366",38352.2124340116,15131.8307333068,25593.0683585195,25709.0201679798,85160.6549957915,26746.3651197257
"g1367",96.8876527384949,33.2000186737595,22.7743095804473,98.4596856714212,130.573586919604,170.659441414179
"g1368",2089.71368906501,200.122334783495,291.686349626498,706.701295286462,1336.62424459638,727.232192558912
"g1369",6139.6175735341,3832.75771133735,4605.66614515353,1750.18992660788,2193.07465342389,2251.16097342824
"g1370",2.03974005765253,0,0,8.28165580413823,36.5044436549432,13.7213621237531
"g1371",209.073355909384,118.044510840034,151.536752208361,116.863365236173,85.6450408827513,142.359132033938
"g1372",32.6358409224404,23.0555685234441,27.153984499764,17.483495586514,30.8883754003365,17.1517026546913
"g1373",950.518866866077,1395.32300703884,1376.09385964933,1999.55978471026,1103.55741203021,1610.54487927552
"g1374",527.272804903178,229.633462493503,208.472526159479,90.1780298672829,101.08922858292,178.37770760879
"g1375",396.729441213416,486.011384474201,620.161968575256,1081.21617442916,1083.90117313908,681.78018052398
"g1376",3051.45112624818,1487.54528113261,1405.87564910069,1060.97212690793,1010.8922858292,1489.62537555994
"g1377",1568.56010433479,240.700135384756,183.070411627441,572.354434463775,838.198187000042,367.904021943129
"g1378",263.126467437176,79.3111557206477,299.569764481268,284.336849275412,270.975293284771,74.6099065479073
"g1379",169.29842478516,25.8222367462574,121.754962757007,69.9339823460562,37.9084607185949,1.71517026546913
"g1381",1175.91014323668,998.767228435598,1235.06832724733,1706.94127963071,2274.50764311569,1201.47677096113
"g1382",1.01987002882626,98.6778332803407,101.608458128149,157.351460278626,307.479736939714,252.987614156697
"g1383",30.5961008647879,241.622358125694,297.817894513541,30.3660712818402,60.3727337370214,67.7492254860307
"g1384",117765.412098597,19279.9886220449,26095.8550392571,28875.3732370953,63551.4283691288,26305.5663615001
"g1385",6.11922017295758,6.45555918656434,7.88341485477021,4.60091989118791,9.82811944556163,6.00309592914196
"g1386",197.854785592295,96.8333877984652,96.3528482249692,288.9377691666,325.731958767185,278.715168138734
"g1387",0,0,0,44.1688309554039,15.4441877001683,42.8792566367283
"g1388",1154.49287263133,994.156114730909,1349.81581013343,1421.68424637706,2250.63935303361,1518.78327007292
"g1389",2257.99224382135,1909.92329648211,2213.4877042227,587.997562093814,1031.95254178397,605.455103710604
"g1390",700.650709803642,357.822423483852,500.158875785976,1043.48863132142,620.575542134034,464.811141942135
"g1391",82.6094723349273,35.044464155635,15.7668297095404,441.688309554039,860.662460018468,152.650153626753
"g1392",5777.56371330078,435.289133722624,516.80164047938,5550.54975672909,5660.9968006435,6985.03090612304
"g1393",569.087476085055,36.8889096375105,28.9058544674908,448.129597401702,433.841272668363,521.411760702616
"g1395",135.642713833893,78.3889329797099,131.390247579503,1860.61200399639,1418.05723428818,409.068108314388
"g1397",244.768806918303,136.488965658789,247.88960043333,2884.77677177482,2089.17739071367,567.721357870283
"g1399",167.258684727507,623.422572873928,540.451885043691,87.4174779325702,137.593672237863,130.352940175654
"g1401",271.285427667786,356.900200742914,270.663910013777,144.4688845833,341.176146467354,218.684208847314
"g1402",164.199074641028,556.100312785471,499.282940802113,119.623917170886,178.310167083761,52.3126930968085
"g1403",4.07948011530505,6.45555918656434,5.25560990318014,4.60091989118791,0,4.28792566367283
"g1404",999.472628249737,1009.83390132685,1060.75726545852,397.519478598635,269.571276221119,853.297207070893
"g1405",14.2781804035677,22.1333457825063,31.5336594190808,18.4036795647516,0,17.1517026546913
"g1406",1260.55935562926,888.100499523066,902.213033379257,2939.06762649083,2096.19747603193,1782.91949095516
"g1407",14.2781804035677,1.84444548187553,4.37967491931678,4.60091989118791,29.4843583366849,10.2910215928148
"g1408",1679.72593747685,1069.77837948781,1004.69742649127,524.504867595421,1215.87877712234,646.619190081863
"g1410",394.689701155764,337.533523183221,349.498058561479,331.266232165529,433.841272668363,422.789470438141
"g1411",2754.66894785974,1239.46736382035,1358.57515997207,410.402054293961,325.731958767185,348.179563890234
"g1414",284.543738042527,160.466756923171,122.63089774087,185.877163603991,108.109313901178,200.674921059889
"g1415",354.914770031539,349.522418815412,178.690736708125,105.821157497322,138.997689301514,83.1857578752529
"g1416",48.9537613836606,19.366677559693,30.6577244352175,4.60091989118791,1.40401706365166,13.7213621237531
"g1417",101.987002882626,153.088974995669,117.37528783769,115.022997279698,87.049057946403,154.365323892222
"g1419",2.03974005765253,8.30000466843987,9.63528482249692,0,4.21205119095498,0
"g1420",14.2781804035677,12.9111183731287,14.8908947256771,14.7229436518013,12.636153572865,9.43343646008023
"g1421",803.657582715095,982.167219098718,1110.68555953874,655.170992505158,214.814610738704,864.445813796443
"g1422",803.657582715095,389.177996675736,544.831559963008,1008.52164014839,1270.63544260475,962.210518928183
"g1423",4.07948011530505,6.45555918656434,11.3871547902236,15.6431276300389,11.2321365092133,3.43034053093827
"g1424",494.636963980737,359.666868965728,483.516111092573,1625.96508954581,1881.38286529323,1225.4891546777
"g1425",1.01987002882626,1.84444548187553,3.50373993545343,1.84036795647516,14.0401706365166,6.00309592914196
"g1426",234.57010663004,244.389026348507,265.408300110597,45.0890149336415,81.4329896917964,105.482971326352
"g1428",2330.40301586801,838.300471512427,1019.58832121695,769.273805806618,1464.38979738868,1171.46129131542
"g1429",802.637712686269,681.522605553007,762.939370944983,308.26163270959,704.816565953134,493.96903645511
"g1430",1788.85203056126,1784.50100371457,1347.18800518184,703.020559373512,797.481692154144,732.37770335532
"g1431",13.2583103747414,3.68889096375105,10.5112198063603,1.84036795647516,4.21205119095498,5.1455107964074
"g1432",301.881528532574,983.089441839656,864.547829073133,300.900160883689,491.405972278081,566.863772737548
"g1433",6.11922017295758,23.0555685234441,15.7668297095404,32.2064392383153,22.4642730184266,65.176470087827
"g1434",555.829165710313,197.355666560681,242.63399053015,310.102000666065,972.983825110601,862.730643530974
"g1435",661.895648708244,562.555871972036,502.786680737566,373.594695164458,519.486313551115,562.575847073875
"g1436",0,1.84444548187553,3.50373993545343,10.1220237606134,1.40401706365166,6.86068106187653
"g1437",32.6358409224404,57.1778099381413,39.417074273851,35.8871751512657,25.2723071457299,26.5851391147716
"g1438",1667.48749713094,2829.37936919706,1998.88363317618,1453.89068561538,895.76288660976,1332.68729626952
"g1439",18.3576605188727,61.7889236428302,38.5411392899877,50.610118803067,78.624955564493,75.4674916806418
"g1440",322.278929109099,773.744879646784,334.607163835802,336.787336034955,1193.41450410391,549.712070082857
"g1441",1791.91164064774,1967.10110642025,2802.11601337888,2442.16827824254,2770.12566658473,2062.49224422663
"g1442",183.576605188727,147.555638550042,112.995612918373,339.547887969667,436.649306795667,163.798760352302
"g1443",1074.94301038288,871.500490186187,890.825878589033,1790.67802165033,2590.41148243732,1265.79565591622
"g1444",672.094348996507,1533.6564181795,1273.60946653732,195.999187364605,165.674013510896,541.993803888246
"g1445",1.01987002882626,0.922222740937764,9.63528482249692,4.60091989118791,0,6.86068106187653
"g1446",758.783301446739,1111.27840283001,1039.7348258458,1537.627427635,1582.32723073542,1352.41175432241
"g1448",656.796298564113,6923.12611621979,1801.79826180692,1696.8192558701,2386.82900820782,1965.58512422763
"g1449",529.31254496083,570.855876640476,507.166355656883,645.048968744544,527.910415933025,429.650151500018
"g1450",3460.41900780751,25777.0478319514,20935.7220493181,13364.7520999226,30231.2954145476,8403.47671566601
"g1451",777.140961965612,972.944991689341,1006.449296459,932.146369954669,790.461606835885,1108.85757662579
"g1452",584.385526517449,858.589371813058,734.033516477493,1579.03570665569,1851.89850695654,1232.34983573957
"g1453",426.305672049378,568.089208417662,602.643268897989,170.234035973952,151.633842874379,220.399379112784
"g1454",3.05961008647879,21.2111230415686,15.7668297095404,3.68073591295032,0,3.43034053093827
"g1455",69.3511619601859,163.233425145984,152.412687192224,26.6853353688898,7.02008531825831,56.6006187604814
"g1457",10154.8458770231,4907.14720452984,6589.65888360403,8409.56137711325,11920.1048704026,7344.35907673883
"g1458",13.2583103747414,48.8778052697015,26.2780495159007,8.28165580413823,0,0
"g1460",69.3511619601859,165.07787062786,78.8341485477021,39.567911064216,25.2723071457299,91.7616092025986
"g1461",219.272056197646,268.366817612889,222.487485901293,173.914771886903,189.542303592974,162.083590086833
"g1462",38.755061095398,27.6666822281329,21.8983745965839,136.187228779162,157.249911128986,62.6037146896233
"g1463",113.205573199715,113.433397135345,75.3304086122486,195.999187364605,144.613757556121,159.510834688629
"g1464",1192.2280636979,2685.51262161077,3872.5085636599,2512.1022605886,2264.67952367013,3379.74300810693
"g1466",503.815794240174,980.322773616843,1050.24604565216,155.511092322151,80.0289726281447,235.835911502006
"g1467",11.2185703170889,23.9777912643819,25.4021145320373,4.60091989118791,0,22.2972134510987
"g1468",11.2185703170889,6.45555918656434,13.1390247579503,8.28165580413823,21.0602559547749,25.727553982037
"g1469",90.7684325655374,101.444501503154,96.3528482249692,71.7743503025313,22.4642730184266,126.065014511981
"g1470",121.364533430325,79.3111557206477,77.9582135638387,188.637715538704,137.593672237863,118.34674831737
"g1471",948.479126808424,526.589185075463,622.789773526846,1363.71265574809,1448.94560968851,1121.72135361681
"g1472",4.07948011530505,22.1333457825063,25.4021145320373,43.2486469771663,40.7164948458982,21.4396283183642
"g1473",365.113470319802,1351.05631547382,1178.13255329621,265.933169710661,518.082296487463,423.647055570876
"g1474",7671.46235683115,356.900200742914,491.399525947343,1843.12850840987,3100.06967654287,2262.30958015379
"g1475",2196.80004209177,2405.15690836569,1595.95354059904,2919.74376294784,1879.97884822957,2715.11453023764
"g1476",11.2185703170889,10.1444501503154,11.3871547902236,15.6431276300389,0,0.857585132734566
"g1477",559.908645825618,949.889423165896,679.725547477964,583.396642202626,682.352292934707,626.037146896233
"g1478",206.013745822905,119.888956321909,112.995612918373,66.2532464331058,57.5646996097181,95.1919497335369
"g1479",295.762308359616,143.866747586291,105.988133047466,94.7789497584708,65.9888019916281,97.7647051317406
"g1480",236.609846687693,426.989129054185,332.855293868075,176.675323821616,303.267685748759,116.631578051901
"g1481",332.477629397362,407.622451494491,326.723748981032,271.454273580086,228.854781375221,342.176467961092
"g1482",243.748936889477,164.155647886922,130.51431259564,550.270018986073,758.169214371897,451.089779818382
"g1484",526.252934874352,492.466943660766,516.80164047938,186.797347582229,192.350337720278,248.699688493024
"g1485",520.133714701394,632.644800283306,416.945052318958,100.300053627896,67.3928190552797,185.238388670666
"g1486",0,3.68889096375105,0,2.76055193471274,4.21205119095498,3.43034053093827
"g1487",246.808546975956,3746.99099643013,2088.22900153024,378.195615055646,1858.9185922748,744.383895213604
"g1488",507.895274355479,682.444828293945,597.387658994809,5610.36171531453,11800.7634199922,4105.26003040037
"g1489",1079.02249049819,628.033686578617,763.815305928847,1008.52164014839,1158.31407751262,872.164079991054
"g1490",100.9671328538,74.7000420159588,51.680164047938,20.2440475212268,5.61606825460664,49.7399376986048
"g1491",447.722942654729,660.311482511439,759.43563100953,168.393668017477,383.296658376904,393.631575925166
"g1493",291.682828244311,2216.10124647345,3081.53927323129,224.52489068997,175.502132956458,341.318882828357
"g1494",1560.40114410418,129.111183731287,496.655135850523,1575.35497074274,1177.97031640374,885.027856982072
"g1495",3243.18669166752,1736.54542118581,1339.30459032707,33.1266232165529,51.9486313551115,316.448913979055
"g1496",120.344663401499,148.47786129098,121.754962757007,26.6853353688898,160.057945256289,54.8854484950122
"g1498",1189.16845361142,476.789157064824,370.5204981742,822.644476544397,2173.41841453277,1084.84519290923
"g1499",46.9140213260081,76.5444874978344,58.6876439188449,67.1734304113434,200.774440102188,42.8792566367283
"g1500",712.889150149558,938.822750274643,1054.62572057148,979.995936823024,1061.43690012066,848.151696274486
"g1501",71.3909020178384,103.28894698503,133.14211754723,140.78814867035,115.129399219436,57.4582038932159
"g1504",399.789051299895,281.277935986018,343.366513674436,415.923158163387,421.205119095498,272.712072209592
"g1505",2142.74693056398,0.922222740937764,6.13154488704349,165.633116082765,530.718450060328,480.247674331357
"g1506",3.05961008647879,4.61111370468882,4.37967491931678,11.042207738851,0,0
"g1507",2243.71406341778,1.84444548187553,0,277.895561427749,71.6048702462347,0
"g1508",0,4.61111370468882,0,6.44128784766307,4.21205119095498,18.0092877874259
"g1509",491.577353894259,11.9888956321909,0.875934983863356,323.904760339628,610.747422688473,547.139314684653
"g1510",214.172706053515,529.355853298276,387.163262867603,230.045994559395,109.51333096483,210.108357519969
"g1511",0,2.76666822281329,8.75934983863356,0,0,5.1455107964074
"g1512",2.03974005765253,4.61111370468882,4.37967491931678,16.5633116082765,22.4642730184266,8.57585132734566
"g1514",16.3179204612202,148.47786129098,111.243742950646,13.8027596735637,42.1205119095498,6.86068106187653
"g1515",629.259807785804,368.889096375105,560.598389672548,405.801134402773,460.517596877745,560.860676808406
"g1517",294.74243833079,477.711379805762,395.046677722374,153.670724365676,172.694098829154,275.284827607796
"g1520",5.09935014413131,2.76666822281329,2.62780495159007,0.920183978237581,0,15.4365323892222
"g1521",1306.45350692644,1002.45611939935,1114.18929947419,1129.98592527575,1361.89655174211,1566.80803750605
"g1522",12.2384403459152,8.30000466843987,12.263089774087,57.9715906289676,23.8682900820782,44.5944269021974
"g1523",177.45738501577,189.055661892242,168.179516901764,116.863365236173,131.977603983256,141.501546901203
"g1524",27.5364907783091,32.2777959328217,40.2930092577144,23.9247834341771,30.8883754003365,59.1733741586851
"g1525",297.802048417269,337.533523183221,249.641470401057,158.271644256864,116.533416283088,289.006189731549
"g1526",1403.34115966494,1178.60066291846,998.565881604226,2720.98402364853,3111.30181305208,1075.41175644915
"g1527",162.159334583376,128.188960990349,145.405207321317,334.946968078479,168.482047638199,108.055726724555
"g1528",822.015243233968,781.122661574286,777.83026567066,195.999187364605,196.562388911233,326.73993557187
"g1529",144.821544093329,127.266738249411,261.904560175144,544.748915116648,687.968361189314,634.612998223579
"g1531",103.006872911453,101.444501503154,114.7474828861,174.83495586514,167.078030574548,81.4705876097838
"g1532",0,0,5.25560990318014,29.4458873036026,23.8682900820782,14.5789472564876
"g1533",1105.53911124767,1120.50063023938,1134.33580410305,2574.67477110875,2917.54745826815,2012.75230652803
"g1534",117.28505331502,379.033546525421,307.453179336038,230.966178537633,245.702986139041,157.79566442316
"g1535",404.888401444026,1576.07866426264,1300.76345103708,657.011360461633,659.888019916281,611.458199639746
"g1537",708.809670034253,865.96715374056,842.649454476549,360.712119469132,339.772129403702,300.154796457098
"g1538",78.5299922196222,50.722250751577,95.4769132411058,44.1688309554039,15.4441877001683,12.8637769910185
"g1539",897.485625367111,529.355853298276,384.535457916013,290.778137123076,175.502132956458,228.975230440129
"g1540",6830.06958304948,2200.4234598775,2803.8678833466,2993.35848120685,5425.12193395002,2645.65013448614
"g1541",4904.5549686255,1692.2787296208,2297.57746267358,2989.6777452939,5418.10184863176,2472.41793767375
"g1542",221.311796255299,340.300191406035,247.88960043333,118.703733192648,108.109313901178,206.67801698903
"g1543",25.4967507206566,83.9222694253365,118.251222821553,1.84036795647516,5.61606825460664,15.4365323892222
"g1544",479.338913548343,355.977978001977,301.321634448995,387.397454838022,848.026306445603,493.96903645511
"g1545",56.0928515854444,74.7000420159588,35.0373993545343,87.4174779325702,160.057945256289,106.340556459086
"g1546",132.583103747414,43.3444688240749,28.0299194836274,34.0468071947905,47.7365801641565,64.3188849550925
"g1547",29.5762308359616,3.68889096375105,5.25560990318014,19.3238635429892,19.6562388911233,14.5789472564876
"g1548",78.5299922196222,23.0555685234441,63.0673188381617,15.6431276300389,29.4843583366849,12.8637769910185
"g1549",383.471130838675,175.222320778175,398.550417657827,100.300053627896,185.330252402019,82.3281727425184
"g1550",118.304923343846,40.5778006012616,95.4769132411058,12.8825756953261,30.8883754003365,10.2910215928148
"g1554",250.888027091261,108.822283430656,232.998705707653,392.918558707447,383.296658376904,328.455105837339
"g1555",4.07948011530505,4.61111370468882,3.50373993545343,13.8027596735637,16.8482047638199,5.1455107964074
"g1556",12.2384403459152,1.84444548187553,25.4021145320373,15.6431276300389,18.2522218274716,14.5789472564876
"g1557",382.451260809849,387.333551193861,464.245541447579,515.303027813045,763.785282626504,433.938077163691
"g1559",17.3377904900465,4.61111370468882,24.526179548174,46.009198911879,70.2008531825831,18.8668729201605
"g1560",22.4371406341778,4.61111370468882,28.9058544674908,30.3660712818402,40.7164948458982,23.1547985838333
"g1562",103.006872911453,122.655624544723,158.544232079267,155.511092322151,176.906150020109,106.340556459086
"g1563",39.7749311242242,27.6666822281329,35.0373993545343,45.0890149336415,22.4642730184266,26.5851391147716
"g1564",968.87652738495,845.678253439929,577.241154365952,842.888524065624,501.234091723643,555.715166011999
"g1566",0,9.22222740937764,0,0.920183978237581,0,0
"g1571",1.01987002882626,5.53333644562658,4.37967491931678,1.84036795647516,8.42410238190997,0
"g1572",0,0,2.62780495159007,7.36147182590065,2.80803412730332,1.71517026546913
"g1575",5.09935014413131,15.677786595942,12.263089774087,0.920183978237581,12.636153572865,9.43343646008023
"g1576",0,3.68889096375105,1.75186996772671,1.84036795647516,0,3.43034053093827
"g1587",2.03974005765253,12.9111183731287,14.8908947256771,14.7229436518013,19.6562388911233,17.1517026546913
"g1588",5.09935014413131,0.922222740937764,8.75934983863356,13.8027596735637,0,3.43034053093827
"g1589",45.8941512971818,101.444501503154,85.8416284186089,96.619317714946,39.3124777822465,140.643961768469
"g1591",192.755435448164,201.044557524432,234.750575675379,434.326837728138,380.4886242496,462.238386543931
"g1592",52.0133714701394,46.1111370468882,43.7967491931678,352.430463664994,513.870245296508,176.662537343321
"g1593",59.1524616719232,112.511174394407,118.251222821553,436.167205684613,727.28083897156,184.380803537932
"g1594",70.3710319890121,110.666728912532,55.1839039833914,117.78354921441,53.3526484187631,144.074302299407
"g1595",63413.4786523594,4782.64713450324,11345.1099109982,18877.574313544,30627.2282264973,15570.3156699288
"g1596",111.165833142063,68.2444828293945,31.5336594190808,174.83495586514,134.785638110559,82.3281727425184
"g1597",66.2915518737071,48.8778052697015,35.0373993545343,57.9715906289676,127.765552792301,37.7337458403209
"g1598",732.266680697257,1726.40097103549,1236.82019721506,465.613092988216,443.669392113925,428.792566367283
"g1599",695.551359659511,589.300331459231,498.40700581825,788.597669349607,1050.20476361144,1226.34673981043
"g1600",226.41114639943,299.722390804773,203.216916256299,83.7367420196199,151.633842874379,112.343652388228
"g1601",94.8479126808424,75.6222647568966,45.5486191608945,84.6569259978574,64.5847849279764,77.182661946111
"g1602",3923.44000089463,2476.1680594179,3020.22382436085,8023.08410625347,17856.2890155218,3781.0928502267
"g1603",36.7153210377455,20.2889003006308,7.88341485477021,26.6853353688898,42.1205119095498,35.1609904421172
"g1604",702.690449861295,226.86679427069,223.363420885156,774.794909676043,897.166903673412,609.743029374277
"g1605",2295.72743488792,1934.82331048743,1684.42297396923,2316.10307322399,1837.85833632002,2108.8018413943
"g1606",0,1.84444548187553,6.13154488704349,1.84036795647516,0,2.5727553982037
"g1607",627.220067728152,343.066859628848,356.505538432386,495.979164270056,595.303234988304,368.761607075864
"g1608",650.677078391156,628.033686578617,626.2935134623,678.175591961097,474.557767514261,890.17336777848
"g1609",59.1524616719232,106.977837948781,47.3004891286212,26.6853353688898,49.1405972278081,58.3157890259505
"g1610",0,38.7333551193861,28.9058544674908,12.8825756953261,36.5044436549432,42.0216715039938
"g1611",0,3.68889096375105,4.37967491931678,4.60091989118791,15.4441877001683,0
"g1613",1661.36827695798,3484.15751526287,2951.90089561951,3129.54570998601,4509.70280844914,1728.89162759289
"g1614",1631.79204612202,340.300191406035,380.155782996697,511.622291900095,909.803057246276,552.284825481061
"g1615",25.4967507206566,33.2000186737595,16.6427646934038,17.483495586514,0,32.5882350439135
"g1616",11.2185703170889,11.0666728912532,6.13154488704349,0,0,4.28792566367283
"g1618",411.007621616984,439.900247427313,409.061637464187,926.625266085244,965.963739792343,823.281727425184
"g1619",286.58347810018,219.489012343188,313.584724223082,854.850915782713,745.533060799032,663.770892736554
"g1620",686.372529400075,439.900247427313,439.719361899405,1187.03733192648,2325.05225740715,1125.15169414775
"g1621",0,1.84444548187553,0.875934983863356,10.1220237606134,9.82811944556163,4.28792566367283
"g1622",13596.9072243117,1580.68977796733,3071.90398840879,6771.63389585036,9033.44578753479,7388.09591850829
"g1623",2406.89326802998,1043.95614274155,988.054661797866,1375.67504746518,1221.49484537695,1800.92877874259
"g1624",71.3909020178384,9.22222740937764,8.75934983863356,10.1220237606134,16.8482047638199,30.8730647784444
"g1628",204.993875794079,169.688984332549,103.360328095876,186.797347582229,91.261109137358,91.7616092025986
"g1629",997.432888192085,1220.10068626066,1109.80962455487,962.51244123651,767.997333817459,1018.81113768866
"g1630",742.465380985519,887.178276782128,746.29660625158,980.916120801261,970.175790983298,1028.24457414874
"g1632",33.6557109512667,91.3000513528386,70.9507336929319,12.8825756953261,26.6763242093816,11.1486067255494
"g1633",312.080228820836,1268.97849153036,465.121476431442,167.47348403924,158.653928192638,113.201237520963
"g1634",4.07948011530505,18.4444548187553,4.37967491931678,0,0,5.1455107964074
"g1635",505.855534297826,508.144730256708,418.696922286684,256.731329928285,346.79221472196,377.337458403209
"g1636",5492.00010522942,1594.52311908139,2037.42477246617,11852.8898236783,47179.1853898868,17697.9843842432
"g1637",32.6358409224404,12.9111183731287,9.63528482249692,499.659900183006,1054.4168148024,352.467489553907
"g1638",1072.90327032523,1081.76727512,1069.51661529716,5775.07464741906,17755.1997869389,3299.13000562988
"g1639",315.139838907315,10350.1058215445,8624.45585111861,536.46725931251,2288.54781375221,2211.71205732245
"g1640",352.875029973887,230.555685234441,446.726841770312,168.393668017477,120.745467474043,198.959750794419
"g1641",8.1589602306101,4.61111370468882,17.5186996772671,4.60091989118791,1.40401706365166,5.1455107964074
"g1647",0,2.76666822281329,1.75186996772671,6.44128784766307,0,0
"g1648",952.558606923729,807.867121061481,875.059048879493,153.670724365676,168.482047638199,177.520122476055
"g1650",440.583852452945,3361.50189071815,4345.51345494611,521.744315660708,572.838961969878,601.167178046931
"g1652",3.05961008647879,4.61111370468882,2.62780495159007,11.9623917170886,16.8482047638199,15.4365323892222
"g1654",1281.97662623461,1054.10059289186,1053.74978558762,1355.43099994396,1147.08194100341,1263.22290051802
"g1655",365.113470319802,562.555871972036,745.420671267716,286.177217231888,272.379310348422,471.671823004011
"g1656",14.2781804035677,2.76666822281329,6.13154488704349,80.0560061066695,112.321365092133,66.8916403532962
"g1657",1332.97012767593,1971.71222012494,1871.87306051599,1585.47699450335,2838.92250270366,1035.10525521062
"g1658",380.411520752196,541.344748930467,538.700015075964,312.862552600778,499.830074659991,293.294115395222
"g1659",613.96175735341,780.200438833348,702.499857058412,227.285442624682,532.12246712398,638.043338754517
"g1660",73.4306420754909,72.8555965340833,93.7250432733791,15.6431276300389,14.0401706365166,21.4396283183642
"g1662",292.702698273137,85.766714907212,151.536752208361,210.722131016406,224.642730184266,177.520122476055
"g1663",105.046612969105,46.1111370468882,36.789269322261,61.6523265419179,82.837006755448,38.5913309730555
"g1664",845.472253896972,489.700275437952,518.553510447107,271.454273580086,179.714184147413,272.712072209592
"g1665",11.2185703170889,17.5222320778175,7.88341485477021,27.6055193471274,26.6763242093816,6.00309592914196
"g1666",503.815794240174,767.289320460219,627.169448446163,607.321425636803,401.548880204375,261.563465484043
"g1667",0,0,5.25560990318014,55.2110386942549,40.7164948458982,88.3312686716603
"g1670",0,10.1444501503154,7.00747987090685,69.0137983678186,43.5245289732015,22.2972134510987
"g1672",0,1.84444548187553,0,8.28165580413823,8.42410238190997,11.1486067255494
"g1673",1.01987002882626,0,0.875934983863356,28.525703325365,33.6964095276399,96.0495348662714
"g1674",0,0,2.62780495159007,60.7321425636803,30.8883754003365,2.5727553982037
"g1675",2.03974005765253,5.53333644562658,7.88341485477021,17.483495586514,0,1.71517026546913
"g1676",760.823041504392,590.222554200169,730.529776542039,1588.23754643806,1409.63313190627,997.371509370301
"g1677",120.344663401499,217.644566861312,171.683256837218,30.3660712818402,70.2008531825831,11.1486067255494
"g1678",173.377904900465,166.922316109735,148.908947256771,301.820344861927,283.611446857636,270.996901944123
"g1680",73.4306420754909,74.7000420159588,70.9507336929319,31.2862552600778,50.5446142914598,36.8761607075864
"g1681",335.53723948384,186.288993669428,211.100331111069,55.2110386942549,46.3325631005048,168.94427114871
"g1682",365.113470319802,195.511221078806,206.720656191752,101.220237606134,102.493245646571,207.535602121765
"g1683",180.516995102249,189.977884633179,202.340981272435,339.547887969667,244.298969075389,228.117645307395
"g1684",1.01987002882626,6.45555918656434,6.13154488704349,12.8825756953261,2.80803412730332,18.8668729201605
"g1685",197.854785592295,174.300098037237,160.296102046994,119.623917170886,73.0088873098864,144.931887432142
"g1686",563.988125940923,260.066812944449,211.976266094932,186.797347582229,68.7968361189314,301.012381589833
"g1687",935.220816433683,651.089255102061,681.477417445691,474.814932770592,379.084607185949,589.160986188647
"g1688",263.126467437176,260.989035685387,261.904560175144,295.379057014263,234.470849629827,444.229098756505
"g1689",50.9935014413131,56.2555871972036,47.3004891286212,54.2908547160173,25.2723071457299,38.5913309730555
"g1691",1303.39389683996,1483.85639016886,1293.75597116618,3554.67070793178,3500.21453968359,2395.23527572764
"g1692",9.17883025943636,23.9777912643819,14.8908947256771,18.4036795647516,14.0401706365166,17.1517026546913
"g1694",15.2980504323939,7.37778192750211,7.00747987090685,16.5633116082765,15.4441877001683,4.28792566367283
"g1695",516.054234586089,499.844725588268,557.970584720958,615.603081440942,334.156061149095,630.325072559906
"g1696",371.23269049276,64.5555918656434,98.9806531765593,219.003786820544,210.602559547749,177.520122476055
"g1697",3393.10758590498,1344.60075628726,1797.41858688761,3812.3222218383,8777.91468195019,2801.73062864383
"g1698",0,0,0,86.4972939543326,92.6651262010096,17.1517026546913
"g1699",55.0729815566182,70.08892831127,81.4619534992921,53.3706707377797,39.3124777822465,57.4582038932159
"g1700",4.07948011530505,1.84444548187553,3.50373993545343,222.684522733495,235.874866693479,132.925695573858
"g1701",10.1987002882626,11.0666728912532,25.4021145320373,528.185603508371,732.896907226167,319.021669377259
"g1702",947.459256779598,860.433817294933,852.284739299046,569.593882529063,713.240668335044,742.668724948134
"g1703",63.2319417872283,40.5778006012616,56.0598389672548,38.6477270859784,53.3526484187631,42.8792566367283
"g1704",1.01987002882626,5.53333644562658,6.13154488704349,2.76055193471274,5.61606825460664,0
"g1705",26.5166207494828,116.200065358158,57.8117089349815,65.3330624548682,44.9285460368532,39.44891610579
"g1706",455.881902885339,838.300471512427,663.082782784561,547.509467051361,409.972982586285,382.482969199617
"g1707",1.01987002882626,23.0555685234441,7.00747987090685,21.1642314994644,16.8482047638199,6.86068106187653
"g1708",92.8081726231899,455.578034023255,345.994318626026,194.15881940813,230.258798438872,103.767801060883
"g1709",10.1987002882626,20.2889003006308,5.25560990318014,18.4036795647516,16.8482047638199,41.1640863712592
"g1712",1184.06910346729,1558.55643218482,1696.68606374332,580.636090267914,351.004265912915,415.928789376265
"g1713",311.06035879201,261.911258426325,405.557897528734,468.373644922929,414.18503377724,224.687304776456
"g1715",99.9472628249737,84.8444921662743,98.9806531765593,77.2954541719568,53.3526484187631,71.179566016969
"g1717",145.841414122156,71.9333737931455,191.829761466075,113.182629323222,49.1405972278081,105.482971326352
"g1718",120.344663401499,60.8667009018924,149.784882240634,99.3798696496587,40.7164948458982,112.343652388228
"g1719",237.629716716519,113.433397135345,371.396433158063,276.055193471274,158.653928192638,226.402475041925
"g1725",477.299173490691,254.533476498823,663.082782784561,461.012173097028,272.379310348422,457.950460880258
"g1726",10.1987002882626,2.76666822281329,15.7668297095404,14.7229436518013,0,8.57585132734566
"g1727",65.2716818448808,41.5000233421994,56.9357739511182,73.6147182590065,25.2723071457299,60.8885444241542
"g1728",6.11922017295758,4.61111370468882,9.63528482249692,17.483495586514,8.42410238190997,18.0092877874259
"g1729",74.4505121043172,40.5778006012616,77.9582135638387,138.027596735637,120.745467474043,83.1857578752529
"g1730",0,1.84444548187553,0,20.2440475212268,4.21205119095498,2.5727553982037
"g1731",220.291926226473,251.766808276009,221.611550917429,359.791935490894,332.752044085444,261.563465484043
"g1735",451.802422770034,372.577987338856,437.967491931678,514.382843834808,662.696054043584,331.027861235543
"g1736",209.073355909384,95.9111650575274,72.7026036606586,246.609306167672,627.595627452293,286.433434333345
"g1737",246.808546975956,201.044557524432,227.743095804473,249.369858102384,272.379310348422,213.538698050907
"g1738",688.412269457727,931.444968347141,743.668801299989,1263.4126021202,2685.88464276563,912.470581229579
"g1740",547.670205479703,821.700462175547,698.120182139095,636.767312940406,829.774084618132,577.154794330363
"g1741",13.2583103747414,18.4444548187553,19.2705696449938,20.2440475212268,12.636153572865,12.0061918582839
"g1742",1085.14171067114,908.389399823697,912.724253185617,1383.03651929108,1161.12211163992,1303.52940175654
"g1743",34296.1893293696,4897.00275437952,7862.39241515749,8772.11386453886,14013.4943123072,13595.2971092411
"g1744",512.99462449961,366.122428152292,392.418872770784,463.772725031741,419.801102031847,504.260058047925
"g1745",113.205573199715,120.811179062847,134.018052531094,185.877163603991,88.4530750100547,232.405570971067
"g1746",45.8941512971818,189.055661892242,151.536752208361,0,7.02008531825831,9.43343646008023
"g1747",4152.91075738054,5920.66999682044,4366.53589455883,1738.22753489079,4317.35247072886,2167.11763042025
"g1748",528.292674932004,459.266924987006,508.91822562461,121.464285127361,94.0691432646613,247.84210336029
"g1749",875.048484732933,873.344935668062,714.762946832499,268.693721645374,195.158371847581,375.62228813774
"g1750",14.2781804035677,6.45555918656434,11.3871547902236,11.9623917170886,18.2522218274716,45.452012034932
"g1751",9.17883025943636,56.2555871972036,18.3946346611305,20.2440475212268,8.42410238190997,24.8699688493024
"g1752",174.397774929291,715.644846967705,688.484897316598,55.2110386942549,46.3325631005048,48.8823525658703
"g1753",341.656459656798,201.044557524432,351.249928529206,33.1266232165529,40.7164948458982,137.213621237531
"g1754",7.13909020178384,1.84444548187553,1.75186996772671,0.920183978237581,0,0
"g1756",2011.18369684539,1113.12284831188,1310.39873585958,1490.69804474488,2740.64130824804,2001.60369980248
"g1758",7.13909020178384,30.4333504509462,31.5336594190808,4.60091989118791,0,5.1455107964074
"g1759",151.960634295113,665.844818957065,605.271073849579,62.5725105201555,73.0088873098864,180.092877874259
"g1761",267.205947552481,450.966920318566,247.013665449466,90.1780298672829,98.2811944556163,197.24458052895
"g1762",750.624341216129,670.455932661754,521.181315398697,1025.08495175667,1547.22680414413,986.222902644751
"g1763",62.212071758402,59.0222554200169,68.3229287413418,178.515691778091,249.915037329996,157.79566442316
"g1764",170.318294813986,394.711333121363,271.53984499764,85.577109976095,263.955207966512,139.786376635734
"g1765",193.77530547699,257.300144721636,302.197569432858,222.684522733495,51.9486313551115,204.962846723561
"g1768",112.185703170889,91.3000513528386,168.179516901764,542.908547160173,1440.5215073066,563.43343220661
"g1769",371.23269049276,332.000186737595,642.06034317184,818.963740631447,960.347671537736,469.099067605808
"g1770",9.17883025943636,22.1333457825063,36.789269322261,271.454273580086,119.341450410391,119.204333450105
"g1771",29.5762308359616,483.244716251388,447.602776754175,789.517853327844,550.374688951451,445.08668388924
"g1772",32.6358409224404,284.044604208831,209.348461143342,241.088202298246,183.926235338368,222.114549378253
"g1773",1001.51236830739,1266.21182330755,914.476123153344,313.782736579015,245.702986139041,439.083587960098
"g1775",45.8941512971818,42.4222460831371,36.789269322261,20.2440475212268,67.3928190552797,31.730649911179
