"","baseMean","log2FoldChange","lfcSE","stat","pvalue","padj"
"g1104",1066.14112535367,3.49991266832366,0.372393836544603,9.39841727993923,5.53899626920949e-21,3.66681553021668e-18
"g1157",470.363718543874,-3.78364071531122,0.399565647667102,-9.46938441130345,2.81497701198484e-21,3.66681553021668e-18
"g1700",100.152125088911,5.97711103908133,0.64121012737693,9.32161047351601,1.14587600949923e-20,3.79284959144245e-18
"g1701",271.128611303892,5.07239319367681,0.542889829217919,9.34331962155939,9.33601064003459e-21,3.79284959144245e-18
"g1648",522.526278557439,-2.39898584807335,0.280530274070454,-8.55161125130777,1.21382001390403e-17,3.21419539681787e-15
"g1105",601.010268542827,3.48519919142564,0.415527655709468,8.38740609328406,4.96985883404655e-17,1.09668218271294e-14
"g1637",326.954408109563,5.11794644144114,0.625032683906341,8.18828610602393,2.64972329452407e-16,5.01176234564268e-14
"g38",1517.71020802579,2.47367189886832,0.30501907485762,8.10989247155446,5.06645768208193e-16,8.38498746384559e-14
"g306",18743.7306762159,4.46412566997266,0.554739086366169,8.04725280710796,8.46731611272019e-16,1.24563628147128e-13
"g925",1143.7214960199,-2.82821962446456,0.353985101560484,-7.98965722567652,1.35314454093725e-15,1.79156337220092e-13
"g733",332.956806374185,-3.00879876887857,0.394612305347018,-7.62469575355147,2.44610612714515e-14,2.94422228394561e-12
"g1488",3884.01882122522,3.58902246033784,0.472408612231387,7.5972841464201,3.0241004605941e-14,3.33659084152215e-12
"g326",54.928711742262,6.45506255049101,0.855322577010546,7.54693343072063,4.45626213040792e-14,4.53853158512314e-12
"g307",1234.03367029259,3.71657201569789,0.496576849033296,7.48438438669277,7.18832809610069e-14,6.7981045708838e-12
"g63",442.762052499496,-2.50846350613529,0.341080849863061,-7.35445425078074,1.9170874968623e-13,1.69214923056379e-11
"g393",1316.61769941494,2.31842806427454,0.324359072607311,7.147720720861,8.82305840147045e-13,7.3010808272168e-11
"g1006",531.349665011711,-2.17849661882057,0.306579350154639,-7.10581654544487,1.19613213603505e-12,9.31575851829653e-11
"g950",385.761192644381,2.10875409777628,0.3003912464556,7.0200251260916,2.21828350141588e-12,1.63167075326368e-10
"g863",209.830244924301,-3.06945333438083,0.447905086098422,-6.85291020273512,7.23625135710522e-12,5.04252462989858e-10
"g1230",166.423918493927,-6.3566064149091,0.937036983223214,-6.78373055569663,1.17111658090013e-11,7.75279176555883e-10
"g1187",149.821464034393,-3.96803367605938,0.592847949829493,-6.69317263760566,2.18383244726441e-11,1.37685436198956e-09
"g942",678.798807693818,1.96984759166449,0.296975644961767,6.63302740505231,3.28870720019969e-11,1.97920378775654e-09
"g210",49.827687133932,5.29762440872159,0.812548721018995,6.51976216524959,7.04189585588681e-11,4.05368265791050e-09
"g80",690.391452076976,-3.23529554201739,0.503437863861771,-6.42640487388073,1.30657120189022e-10,7.20791779709436e-09
"g926",301.953106729648,-3.00065907100511,0.469473394417158,-6.39154232526929,1.64220810634555e-10,8.69713413120604e-09
"g1350",5475.7059723556,3.20658911853502,0.503108968642473,6.37354791584672,1.8470453314412e-10,9.40572314933902e-09
"g584",384.6591654869,2.72874937701916,0.429551711099072,6.35255152409299,2.11772458082283e-10,1.03846938704053e-08
"g352",6832.06726052218,3.6161745995927,0.580848615918064,6.22567481524791,4.79487671112904e-10,2.2167981018731e-08
"g1026",248.635494529342,-2.2213121534684,0.356911594531787,-6.22370409788011,4.85552454337764e-10,2.2167981018731e-08
"g927",153.52158401291,-4.31279594980165,0.695617595485562,-6.19995235570657,5.64802559790287e-10,2.49266196387447e-08
"g205",65.8996315638473,3.25065473352397,0.52827190229769,6.15337427447008,7.58515121188002e-10,3.23959361436424e-08
"g60",40.3160590666289,-8.7278383945607,1.42885416120482,-6.10827796953143,1.00711839470529e-09,4.16695235809316e-08
"g280",109.10315287031,3.50772756181422,0.582317326244512,6.02373895421643,1.70433176201118e-09,6.83798561485697e-08
"g1698",32.7190204683389,8.56433286187338,1.44317490907953,5.93436929092384,2.94977219297176e-09,1.14867599514548e-07
"g591",57.7218922565328,5.04735421755157,0.851652109492863,5.92654460817005,3.09375372349625e-09,1.17032283711687e-07
"g1752",288.158912262371,-3.39043071865248,0.573683163993082,-5.90993588700359,3.42240907697279e-09,1.25868600497555e-07
"g1592",197.48075066917,2.87604067644375,0.487273768549938,5.90230967080879,3.58447533642787e-09,1.2826609041704e-07
"g1096",617.685586716864,2.20450742112068,0.376853920224746,5.84976645541056,4.92263705469775e-09,1.67434007720045e-07
"g1395",672.19320683201,3.4162977911679,0.584037294508116,5.84945143622232,4.93196850534875e-09,1.67434007720045e-07
"g1172",505.393060669928,4.12296062142945,0.724067677241032,5.69416471833056,1.23977351816774e-08,4.10365034513521e-07
"g1047",228.214815977707,-1.95815290225858,0.347435155574977,-5.63602407769585,1.74021059066676e-08,5.61960688303119e-07
"g876",48.9215648241043,2.74822024760662,0.489319065337658,5.61641767567382,1.94957070373954e-08,6.14578955178846e-07
"g394",192.304262142079,2.11046394697922,0.381055903529375,5.53846280147323,3.05138039619113e-08,9.39541312687688e-07
"g51",683.686919650655,2.29154893381592,0.417290037984382,5.49150165406462,3.98530591026198e-08,1.18563037199003e-06
"g1323",84.6895198619724,-3.7700548615472,0.686770040653969,-5.48954473604762,4.02971047881807e-08,1.18563037199003e-06
"g1231",120.267949425015,-2.74459457596395,0.500364451265546,-5.48519098233734,4.13022957960551e-08,1.18878781812993e-06
"g1174",1350.61108871891,1.68548422113086,0.309062550618401,5.45353753716968,4.93775167383394e-08,1.39097515237365e-06
"g1424",1011.77617559263,1.82250332416858,0.334889981483983,5.44209568794087,5.26573754100937e-08,1.45246593839508e-06
"g333",73.4354958876634,-3.6750170832912,0.676042659866394,-5.43607275318615,5.4467722285615e-08,1.4717400878807e-06
"g1411",1072.83750810059,-2.30289657492913,0.425918049203408,-5.40690064493915,6.41246906617188e-08,1.69802180872231e-06
"g216",759.709102285828,-2.16805012155863,0.401766872695327,-5.39628891504635,6.80333651419076e-08,1.76619951858599e-06
"g1656",47.0742341775872,3.49617971235284,0.648660779926085,5.38984292028759,7.05192950606242e-08,1.79552974346666e-06
"g75",366.312722929952,-2.2339055137815,0.415627191051898,-5.37478192446403,7.66754253175982e-08,1.91543892680189e-06
"g1387",17.0820458820501,7.63845366440442,1.42253417140355,5.36960996646421,7.89071104366982e-08,1.93468544848497e-06
"g1306",737.472162199417,-1.71791227992548,0.32024443388268,-5.36437826287039,8.12285209047829e-08,1.95539203050786e-06
"g1768",486.421459683147,2.77508603111132,0.520646961612245,5.33007245930704,9.81735892163916e-08,2.32110414504469e-06
"g578",1314.58721592433,-3.01241886219392,0.565900506850342,-5.32323054269783,1.01940413900566e-07,2.3678790877956e-06
"g1279",1661.01096254185,-2.36819982484265,0.446756812174451,-5.30087009376796,1.15252077160211e-07,2.6309267268986e-06
"g675",605.324250812624,-2.43496045202514,0.460104815984959,-5.29218640498807,1.20862605356847e-07,2.71223880495704e-06
"g1322",370.24564266751,-3.35553984619431,0.635787700938994,-5.27776778512469,1.30767028579631e-07,2.88559243065718e-06
"g1305",4108.49999142877,-1.54374222734343,0.292781417803085,-5.27267829675482,1.34447115616268e-07,2.91816362419572e-06
"g44",48.509390413126,-3.24076086063896,0.615684649815468,-5.26367006487862,1.41207764503299e-07,3.01546903552205e-06
"g1397",1028.4704822282,3.13881425072992,0.603769820904324,5.19869351208814,2.00694120727218e-07,4.2177621562355e-06
"g1175",50.5755458175485,-2.99327528830715,0.577440245255979,-5.18369703687734,2.17530186242743e-07,4.50015572789675e-06
"g22",529.522884053931,-2.0562804041535,0.397877523676055,-5.16812406278996,2.36455337011502e-07,4.81641332620352e-06
"g1334",71.0849359301493,3.72619778765946,0.725614352474667,5.13523164881108,2.81796708279841e-07,5.65301275397742e-06
"g1673",26.6945754553277,6.40399943221045,1.25761137106636,5.0921926912766,3.53946110449525e-07,6.97267241628251e-06
"g1746",67.1566811960204,-4.56484633708864,0.896831017421582,-5.0899737502531,3.58113084824177e-07,6.97267241628251e-06
"g1667",31.5857353524989,5.08370011688953,1.0003101836636,5.08212372513358,3.73238158972106e-07,7.16184525331982e-06
"g20",355.593434755005,-2.45962713310186,0.485646434048373,-5.0646457188994,4.09160560741538e-07,7.7389797488828e-06
"g1638",5008.93193345504,3.0567037746887,0.607030891014268,5.03549954365807,4.76604264620027e-07,8.88766262474528e-06
"g1188",778.82583768692,-3.04112774276325,0.607481401176416,-5.00612485727788,5.55367403423956e-07,1.02125894740739e-05
"g1201",290.363016270099,-3.62052106360827,0.724184346991642,-4.99944672740911,5.74950543592439e-07,1.04278701331012e-05
"g1495",1120.09347862185,-3.97314747244845,0.796888527882903,-4.98582591344855,6.16976796891171e-07,1.10388821497826e-05
"g1528",516.711613721104,-1.72442932000502,0.351202906945565,-4.91006562275494,9.10459198317398e-07,1.60726397142965e-05
"g873",1038.57382371287,-1.61424626995422,0.331680403738589,-4.86687260314142,1.13378061702339e-06,1.97516518018286e-05
"g1712",964.480124158754,-1.71889034795092,0.353729678813703,-4.8593331317732,1.17781805651856e-06,2.02523520367606e-05
"g1660",48.5223680779788,-2.21665428673529,0.462332351158204,-4.79450395626062,1.63077846410292e-06,2.76814190573368e-05
"g744",320.261550199109,-1.82937162277629,0.382687796420402,-4.78032390864807,1.75012993022655e-06,2.93312914888602e-05
"g1232",504.567654504771,-2.84282256267919,0.596589578021136,-4.76512273665377,1.88738725635569e-06,3.12362590926867e-05
"g193",189.605453945577,-2.13508704953234,0.449448304032656,-4.75046191158219,2.0295252034975e-06,3.31739675238357e-05
"g696",1727.64558210253,-2.01058445621243,0.423785160263821,-4.74434842164074,2.09178541940552e-06,3.37746816499135e-05
"g55",284.946777614112,1.82879393000378,0.388386396201063,4.70869718376294,2.49305119307022e-06,3.97686720436744e-05
"g1466",500.960098326914,-2.42263831861638,0.515336826791428,-4.7010774170752,2.58792368812748e-06,4.07906067033427e-05
"g589",533.431946138993,-2.32230622771687,0.496088178244035,-4.68123678322059,2.85149351056033e-06,4.44162047997868e-05
"g907",1625.48321650528,1.95926497723089,0.421915438854529,4.64373852388565,3.42160550779126e-06,5.15111418163371e-05
"g1636",14309.0012657642,3.07208450745654,0.661572167469612,4.64361207819048,3.42370126875956e-06,5.15111418163371e-05
"g1770",96.3502504674643,2.89996292622971,0.624426636545035,4.64420118634794,3.41394763786741e-06,5.15111418163371e-05
"g1007",832.830499719714,1.65834813713976,0.357458533055528,4.63927416409485,3.49634970013755e-06,5.18748114629695e-05
"g1619",513.968680664125,1.46581407807523,0.316077497585002,4.63751481606512,3.52623340760367e-06,5.18748114629695e-05
"g215",321.956114360111,-2.08678107908745,0.451036340555155,-4.62663624070502,3.71652422363572e-06,5.34856312184097e-05
"g1309",1803.78931824001,2.47585316637099,0.534990347243865,4.62784642587658,3.69487839734421e-06,5.34856312184097e-05
"g1391",264.736948233227,3.44889094367963,0.7486473693409,4.60682971038286,4.0885455725557e-06,5.82068208393952e-05
"g568",373.371597447077,-2.08036251361612,0.452805940362239,-4.59437990577566,4.340380056852e-06,6.11347148433197e-05
"g207",23.2211252065823,2.84647083037734,0.62176419615881,4.57805523052393,4.69318792765464e-06,6.47129871078558e-05
"g322",9.65602090903427,6.81632030396507,1.48894034363139,4.57796736660429,4.69515916109311e-06,6.47129871078558e-05
"g1773",696.794937574406,-1.66991675025855,0.364934824474227,-4.57593147670808,4.7410572125846e-06,6.47129871078558e-05
"g188",52.3554240964913,-3.9615420341471,0.867636532387298,-4.56590045055726,4.97354766025111e-06,6.71936438997191e-05
"g1453",356.550901221024,-1.55579879474137,0.341361501991118,-4.55762816154311,5.17345224001748e-06,6.84965076578314e-05
"g1485",320.442471442917,-2.14700758033433,0.471051782123131,-4.55790140662944,5.16672797102944e-06,6.84965076578314e-05
"g1537",569.677553930215,-1.27306958387157,0.283571923390652,-4.48940631586355,7.14219497780115e-06,9.36263975307794e-05
"g447",40.4225968519968,-4.73879579104815,1.05924145968675,-4.47376351039879,7.68547408986927e-06,9.87919193688049e-05
"g877",253.122383829835,-3.75529585537527,0.839136496728252,-4.47519071094746,7.63431383390269e-06,9.87919193688049e-05
"g1529",400.220519507904,1.80485070358443,0.404240795130566,4.46479109809164,8.01469125531221e-06,0.000102033184827244
"g1122",77.3334764059461,5.24240357984911,1.17713358603485,4.45353326253144,8.44686151532795e-06,0.000106510901393278
"g256",213.322152746782,-1.90746795945078,0.428649955517481,-4.44994321100073,8.58929985513012e-06,0.000107285217058418
"g730",417.13501476139,-1.67009146124636,0.378319711168398,-4.41449761126236,1.01244833925574e-05,0.000125278654315383
"g874",546.087177902687,1.35217258549934,0.306772528608521,4.40773687146177,1.04456336230337e-05,0.000128055730712006
"g299",125.989129254513,-2.79430287545599,0.634375114578708,-4.40481161892945,1.05875843809249e-05,0.000128605153397656
"g504",303.332921552447,1.67227479980646,0.381399139916763,4.38457936788065,1.16210108298581e-05,0.000139874712170292
"g1763",129.297274908501,1.62462147603987,0.370816853441364,4.38119643420351,1.18029401019715e-05,0.000140784618873966
"g1106",415.619613275358,-1.91206898145927,0.439034000976367,-4.35517289596483,1.32961929693151e-05,0.000157179995458689
"g186",526.141095085633,1.50965576369578,0.347005346864913,4.35052594242439,1.35811385373485e-05,0.000159127676313712
"g532",7115.64461648164,1.37157631510012,0.316209284964745,4.33755863700537,1.44074104594887e-05,0.000167328170599676
"g1484",360.561482135005,-1.28844500064917,0.298654781780529,-4.31416163159245,1.60209705789703e-05,0.000184450130839623
"g1245",1573.56029646502,-2.30418807776638,0.534637183117381,-4.3098163586959,1.63390169086446e-05,0.000186490158509012
"g1126",401.818935132547,-2.5589874428887,0.594080213808667,-4.30747798598265,1.65126524035347e-05,0.000186861126344273
"g1134",182.246483309546,1.85056614217207,0.433196369430458,4.27188746896722,1.93825386464596e-05,0.00021747865396536
"g334",187.812876097086,-2.02879395411662,0.475242231871444,-4.26896815572868,1.96379299447478e-05,0.000218492598712992
"g169",610.232171683481,1.80857794785389,0.427658315029614,4.22902556618979,2.3470567589118e-05,0.000258958595733269
"g1389",1434.46807535242,-1.52117902684564,0.360043006146503,-4.22499257276691,2.38948658633901e-05,0.000261461176885359
"g65",5749.93261627815,1.48308802448709,0.351585732283724,4.21828273534792,2.46170016866327e-05,0.000267155001910669
"g1482",382.991318424732,1.70835551748028,0.406928438619874,4.19817185369075,2.69078405142085e-05,0.000289642120657008
"g1749",550.438458144031,-1.55000501595823,0.369555122664226,-4.19424578607871,2.73780996799335e-05,0.000292327451421226
"g1618",662.640039968543,1.10760227653393,0.264631863156223,4.18544563501813,2.84607182326762e-05,0.000301455927520507
"g425",1326.01827956718,1.62975696831345,0.389707083450649,4.18200499175643,2.88949624312323e-05,0.000302584160463201
"g780",1816.61500269901,1.69174421269239,0.404627699725528,4.18098962043369,2.90243114643705e-05,0.000302584160463201
"g1133",2003.32307715652,1.9949677928121,0.480606997491323,4.15093372178401,3.31121650828618e-05,0.000342503957575851
"g341",130.973908512576,-3.99241698355498,0.966179392787521,-4.13216946392996,3.59355315711277e-05,0.000368826696125373
"g237",1025.07967494129,1.12172503913939,0.271884978081866,4.12573378291476,3.69554559971401e-05,0.00037637710569395
"g933",511.518282160679,1.80618333890207,0.438510211298939,4.11890827707721,3.8067162348468e-05,0.000384739869842532
"g289",8.21220937679676,6.55975598196156,1.62274005951888,4.04239480222511,5.29080515607297e-05,0.000530683789897017
"g617",410.732480053435,1.14723699645394,0.285855144977072,4.01335087582892,5.98628268291084e-05,0.00059592768963714
"g328",18.4329362365996,3.14999949398463,0.787473990808761,4.00013147196072,6.33073030733045e-05,0.000625513949769069
"g466",2945.14185347968,1.49611068448736,0.374180296368921,3.99836843095627,6.37806181172381e-05,0.000625522506572024
"g1286",125.267750781508,1.83971277785205,0.46122251122343,3.9887749038356,6.64154056135687e-05,0.000646573507590919
"g1493",1055.11154240397,-2.91370321778327,0.731114066469808,-3.9852922429083,6.73971245106258e-05,0.000651341553664734
"g1533",1810.89168024917,1.158919335569,0.291017581714202,3.98230006841005,6.82515328492967e-05,0.000654819054293252
"g310",1685.34259693351,2.09832232453766,0.527347810488902,3.97901021451537,6.92027680748087e-05,0.000659168812453574
"g1056",74.4279425560855,1.9544002323287,0.492007494683775,3.97229768539367,7.11826859292859e-05,0.000670570845202986
"g1152",310.212910385386,1.89002915702719,0.475894568318584,3.97152916391752,7.14127561734298e-05,0.000670570845202986
"g871",1781.90650386934,-2.87056609638325,0.723285727771513,-3.9687857594365,7.2239792285013e-05,0.00067083480791651
"g1430",1192.23683239011,-1.14020786373113,0.287345026320618,-3.96807934465129,7.24542126375083e-05,0.00067083480791651
"g1255",874.521780714879,-1.31381445833388,0.331883588506002,-3.95866051782828,7.53712783775914e-05,0.000692997031749521
"g773",4010.89525066973,1.27376280307068,0.322572671767685,3.94876229313078,7.85563097381675e-05,0.000714732244471434
"g1426",162.728734840156,-1.68206378457479,0.426057306204151,-3.94797544856281,7.88148849643727e-05,0.000714732244471434
"g1123",11.1162154548091,5.12633336806468,1.30417432944244,3.93071175557971,8.4694761861856e-05,0.000762829011599302
"g1260",52.8746073378149,-2.38845972735861,0.608997842792035,-3.92195104732783,8.78348398684701e-05,0.000785765729634152
"g1691",2255.18779691967,1.21124704760458,0.310053478872821,3.90657460773539,9.36137476957406e-05,0.000831842966101749
"g555",174.524287724893,-2.69975255223706,0.694131256664431,-3.88939775628375,0.000100493295400863,0.000886910768803973
"g1364",281.515707700065,-1.69352086140557,0.435597087050326,-3.88781493667314,0.000101150699463293,0.000886910768803973
"g958",202.682384393918,3.50021587553205,0.904807731966012,3.86846370988299,0.000109523232645988,0.000954005000153208
"g1633",414.25147442258,-2.22041723125039,0.574219782528249,-3.86684210264239,0.000110253761708139,0.000954091375827293
"g1593",272.957284513665,2.2144072932169,0.574430276648326,3.8549627051998,0.000115747272837621,0.000995125904136433
"g1543",41.7605352613084,-3.29523596174642,0.856063661065527,-3.84928844853068,0.000118461443205521,0.00101189000518781
"g386",3326.91612332193,-2.69657317069031,0.701579437270872,-3.84357497873643,0.000121254930480464,0.00102911235869317
"g588",188.100468978432,-2.47574112149728,0.644720282122822,-3.84002363528195,0.000123022465919628,0.00103746334316935
"g554",3229.38341098661,-1.66264429284836,0.433291837132588,-3.83723890080944,0.000124425414127482,0.00104265347028346
"g1462",74.0601620863144,2.01051948109526,0.527166374796782,3.81382344780677,0.000136833237500393,0.00113941639277057
"g292",13.8858696297976,3.74181873795594,0.982382484087181,3.80892249054379,0.000139573698226616,0.00115497235282525
"g95",32.4350706774418,-2.5589562844931,0.674859368129784,-3.79183635189751,0.000149537444119141,0.00122214553094903
"g559",8.12857237121104,5.57772694239614,1.47063390063497,3.79273654713648,0.000148996206831209,0.00122214553094903
"g1023",53.5171811118881,2.29467951006279,0.606852524005752,3.7812803264225,0.000156023863442921,0.00126733493986765
"g1369",3462.07783058083,-1.23479046109929,0.329211238705819,-3.75075427544165,0.000176303413475476,0.00142332755757031
"g612",416.459018485858,2.59039941703547,0.691821778218964,3.74431609207827,0.000180885813535944,0.00145147161891872
"g87",5.70923185312726,-5.90821788152783,1.58314917624076,-3.73194009143036,0.000190010696475693,0.00151550700080613
"g837",71.5767513766666,2.01987420754062,0.542598852935395,3.72259210761936,0.000197187939032477,0.00156333431903593
"g351",341.96732029317,-2.10615280010622,0.566864515261222,-3.71544300869789,0.000202847983652825,0.00159863529974012
"g1748",326.642226215989,-1.68666621690383,0.454872371167272,-3.7079988230008,0.000208903627070625,0.00163661776474265
"g652",300.097956634037,-1.39842474322139,0.377638556174354,-3.70307724239827,0.000212999993969864,0.00165889407068294
"g831",24.0602719211694,-4.3670682290418,1.17989464845185,-3.70123572877617,0.000214552037166021,0.00166120992519188
"g501",217.122629844123,-1.32836596888247,0.359424266276719,-3.69581604114556,0.000219181638521664,0.00168718889187606
"g920",87.2646936042062,2.31652231002886,0.627976193865949,3.68886963018116,0.000225252597845625,0.00172389849449484
"g648",10.5639380079863,4.98922207160065,1.35565035230395,3.6803162873977,0.000232944836100648,0.00177252277584631
"g616",256.640017736693,1.07345934199816,0.292368824680777,3.67159304064042,0.000241043294771253,0.00182366469872651
"g290",746.126951667447,1.87726972437546,0.511551540769651,3.66975675911567,0.000242781374995882,0.00182637807099175
"g1243",261.842935409053,-1.90590057648855,0.520193089188384,-3.66383294222954,0.00024846887548466,0.00185860333978356
"g311",8.97964303389394,6.69352232214161,1.83176847314909,3.65413119630476,0.000258054298223853,0.00191946006094596
"g904",263.972956725239,-1.64199702984161,0.449671213724824,-3.65155024321043,0.000260662089053326,0.00192802573132181
"g1280",1825.05588525616,-1.83583600080636,0.506753458424358,-3.62273995428566,0.000291498838590218,0.00214413590163027
"g720",2800.21430126864,-1.59167222291075,0.440795335717553,-3.61090985756402,0.000305124706374139,0.00223196194054895
"g847",10.9430201364775,4.05174506899975,1.12384040004885,3.60526732160867,0.000311831773976382,0.0022560943647253
"g1598",838.927150069539,-1.46573497267591,0.406470458686695,-3.60600614719134,0.000310945773096136,0.0022560943647253
"g1184",120.157282601892,-1.7978798748144,0.499104903625708,-3.60220839697996,0.000315525252658204,0.00227040997021447
"g991",1986.00617967346,-1.1135831265444,0.309271390530069,-3.6006664717218,0.00031740252739799,0.00227157268256724
"g1620",1033.8722370347,1.56585137086624,0.436746142444532,3.58526663132487,0.000336733999174646,0.00239696674681307
"g362",1223.27188415693,1.53719272258038,0.429423145588274,3.57966900101427,0.000344029697462228,0.00243580384727268
"g921",483.261187940885,1.12772726454631,0.315799354871879,3.57102459884326,0.000355587493688024,0.0025042438385263
"g92",1367.05457788519,0.898843797899337,0.253031820511171,3.55229550213687,0.000381885729030087,0.00267522066262347
"g781",403.705435039052,1.03171323666726,0.290584999623439,3.55046970079057,0.000384544397262202,0.00267966727355345
"g574",75.066482245495,-2.07824600696517,0.590008807441001,-3.52239827737316,0.000427661127570141,0.00295175281237505
"g671",776.457028295815,-1.73360643140648,0.492392607075356,-3.52078078853277,0.000430278166758599,0.00295175281237505
"g676",335.902384566928,-2.37755875104737,0.675167067234337,-3.52143768028628,0.000429213541382088,0.00295175281237505
"g1297",103.294109498527,-3.02333678352328,0.860149115202013,-3.51489844038638,0.000439922191991383,0.00300235557833294
"g374",25.8873223213096,3.76477798871107,1.07392177843402,3.50563520017337,0.000455519085075757,0.00309285778789899
"g619",244.26692764828,1.56681923215074,0.447700383454074,3.49970491439498,0.000465773456319797,0.00313037591963153
"g1158",32.7315076322302,-3.39279507579047,0.969094817762633,-3.50099393124759,0.000463526399089584,0.00313037591963153
"g460",410.335825885172,1.43528154170807,0.412612877400442,3.47851853473571,0.000504193568873037,0.00334119115338689
"g856",193.026920053659,-1.53185564193436,0.440308320864706,-3.4790522216932,0.000503190519863828,0.00334119115338689
"g1591",317.600736194941,1.02327152489877,0.294229717226228,3.4777980094784,0.000505550732392876,0.00334119115338689
"g1674",16.1368463856351,5.11460182729715,1.471020934351,3.47690621381515,0.000507235212863116,0.00334119115338689
"g1550",51.4036016457819,-2.26363128749731,0.652125169210802,-3.47116074393624,0.000518213687909756,0.00339660852867583
"g1399",281.082872165202,-1.9069482307151,0.550005654642413,-3.4671429550209,0.000526022054522295,0.00343080394181044
"g816",23.707053042385,2.30870312161087,0.66820975335399,3.4550575025621,0.00055017547000735,0.00357074667789084
"g575",1837.61690066352,-1.81631515626929,0.527130124971515,-3.44566753108152,0.000569650740795372,0.0036564125094415
"g1370",10.0912002734145,4.91156400399838,1.42582552186416,3.44471601095826,0.000571659659708753,0.0036564125094415
"g1664",429.601094953187,-1.35398775757043,0.392874713936174,-3.44636014877353,0.000568192572073663,0.0036564125094415
"g388",756.292030633153,-1.53859673423455,0.449392954824795,-3.42372241868902,0.000617696805300601,0.00393187774143267
"g702",29.5578897324208,-3.91612227470722,1.14458403769329,-3.42143708608717,0.000622911349848853,0.00394609869473628
"g1444",730.504539746179,-1.94324702542832,0.57307145150786,-3.39093322536879,0.000696550698940335,0.0043915863114143
"g1310",103.939701332246,-1.64391208489715,0.487365174005333,-3.3730602278922,0.00074337690355731,0.00466460199198995
"g1011",89.7141105511059,-2.1635317274506,0.641958803690377,-3.37020337600058,0.000751127247557809,0.00469100224418179
"g332",18.2763211423371,-3.80648636713456,1.13028881527499,-3.36771125724046,0.000757949319028089,0.00471138449949855
"g1753",184.167947501736,-2.07617237481229,0.616922566021387,-3.36536947935264,0.000764412229048015,0.00472935416476436
"g1677",103.564669715,-2.20903380100505,0.656980840526187,-3.36240216569451,0.000772675007032363,0.00475824050842255
"g762",38.7301941745982,1.75080055998169,0.522265998705885,3.35231580137318,0.00080138548780831,0.00491219623082501
"g418",42.195256461133,-1.50704736754337,0.449885437194599,-3.34984696757697,0.000808562184407396,0.00493334715278982
"g731",13.4905892176476,-2.85391559258113,0.85322618115777,-3.34485234467203,0.000823263861687525,0.00500000620584533
"g813",81.1027927689582,3.32613031443812,1.0011599173802,3.3222767478964,0.000892860892314801,0.00539793525764747
"g1186",7.82231396470883,-4.49780947554077,1.3555443930599,-3.31808349366395,0.000906373867541303,0.00545472273011221
"g146",2103.2051270424,1.27461439423563,0.384667405285255,3.31354925507771,0.000921198802329631,0.00551885617323272
"g72",95.9920368222528,1.14984523115684,0.347155610363957,3.31218968332771,0.000925687588816607,0.00552076742159094
"g96",3109.60421372211,-1.00818547736308,0.304926986367803,-3.3063176512262,0.000945308562187607,0.00561250464724839
"g629",1312.6092509178,-1.02380374896218,0.309992377651413,-3.30267394546537,0.000957676709506986,0.00566055340797879
"g1759",289.791800467676,-2.17000037498105,0.659307177074407,-3.29133437407758,0.000997133142222022,0.00586757457911981
"g1452",1140.04874402663,1.09843420481826,0.334653339408511,3.28230462830495,0.00102962307327127,0.00603195110181929
"g372",11656.8405699142,2.19583871158497,0.672274939160076,3.2662807784095,0.00108970143866493,0.00634005516807614
"g1415",201.855421704861,-1.43295059021515,0.438783077923391,-3.26573804303668,0.00109179197758411,0.00634005516807614
"g1406",1644.84291366825,1.16037000582922,0.35565783333662,3.26260213346958,0.00110394385849018,0.00638262737397815
"g782",889.707364625147,1.10713637884772,0.33984371555217,3.25778093924401,0.00112287049912488,0.00643584649714869
"g1198",691.805102316228,1.10245785450837,0.338397894611039,3.25787444917633,0.00112250057018015,0.00643584649714869
"g409",655.484911858557,0.949216141331724,0.292375769820408,3.24656226442697,0.00116807894235803,0.0066661056882846
"g1650",1640.55827563245,-2.26450855584983,0.698711364525617,-3.24097856542994,0.00119120140382981,0.00676888694708443
"g868",75.5281454016478,1.61277739243826,0.498183635637864,3.23731507232929,0.00120660113832449,0.00682709362026337
"g98",1939.88371272586,-2.71448779806195,0.841828457354185,-3.22451418023265,0.00126186607063393,0.0071094071383801
"g1329",262.376794897359,1.32186120692031,0.410736305361243,3.21827213632293,0.00128965394879864,0.00722526632509101
"g1522",26.5393070669476,1.95739460323977,0.608367836311901,3.21745247925342,0.00129334450079046,0.00722526632509101
"g136",319.815757405176,-1.32540234197899,0.41377891522922,-3.20316549054888,0.00135925847196497,0.00755114202225571
"g157",569.212413155499,-1.52411760010719,0.475936325906643,-3.20235610762385,0.00136308379404767,0.00755114202225571
"g835",471.680444825841,-1.07639839902267,0.336345643761795,-3.20027453599189,0.00137296741464551,0.00757420357079438
"g949",1161.1999727524,1.98104395682025,0.620286687301161,3.19375539952289,0.00140435052389945,0.00768330617207796
"g1670",25.3312451355568,2.96157289101394,0.927121306692907,3.19437474862706,0.00140134078888349,0.00768330617207796
"g343",308.269453460524,-1.49329410793022,0.467966437155502,-3.19102822203895,0.0014176743147582,0.00772428309769489
"g298",745.156746157029,-1.7771014354481,0.557836559367651,-3.1857027037858,0.00144402904109054,0.00783563299345849
"g288",645.588813339506,1.86025674420592,0.584842241302441,3.18078382994897,0.00146877182519072,0.0079373628430715
"g1632",41.1023337712157,-1.97927838711655,0.624241453236839,-3.1706936103867,0.00152075451903945,0.00818487391548061
"g1082",464.362730907236,1.03812381305011,0.328115646204353,3.16389609901004,0.00155672359389769,0.00834454266526537
"g461",47.6642304503215,-2.20902661747804,0.699360279186822,-3.15863894936467,0.00158507728135258,0.00846226742141458
"g1182",21.0594233409054,-2.53392729683994,0.805307032702582,-3.14653566148077,0.00165217112345912,0.00878503842353364
"g1220",687.808490107382,-0.972863063789651,0.309433860049676,-3.14400972031137,0.00166649904049006,0.00882577891843536
"g885",916.559062784835,-1.02193686942066,0.325347401753493,-3.14106356440169,0.0016833549296558,0.00887952958910073
"g379",575.467071833032,-1.11061833217492,0.354238411752225,-3.13522840925493,0.00171720351531948,0.00899448826747217
"g932",19.6763972765105,2.32770473814846,0.742497399688205,3.13496685527239,0.00171873529582361,0.00899448826747217
"g268",211.042645221181,1.02644294149609,0.327949141799798,3.12988451765091,0.00174875035977149,0.00911553337140727
"g360",119.494480660112,-1.76359439223079,0.568706236232813,-3.10106392346438,0.00192826658750146,0.0100118625954978
"g253",424.411999555916,-1.6979268383224,0.549515893101251,-3.08985938284692,0.00200251278037907,0.010356745786023
"g266",424.204790200957,-1.45235878005043,0.470301556001393,-3.08814368465779,0.00201411063160009,0.0103761964055973
"g832",255.770853762578,-2.62389512728558,0.851053658994732,-3.08311361986849,0.00204846927740223,0.0104938510161268
"g1539",417.772072850177,-1.37946455954369,0.447517026270407,-3.08248508674655,0.0020528001610097,0.0104938510161268
"g201",1585.90225309286,-2.40223963528184,0.780522965798918,-3.07773088114452,0.00208583190172369,0.0106182371611927
"g894",114.266434214557,1.35440126388681,0.44021464429417,3.07668379832848,0.00209317212920793,0.0106182371611927
"g717",119.809720774488,-1.340450807441,0.437410084614398,-3.06451738217851,0.00218021504640685,0.0110175752726819
"g1532",12.1914557575581,3.65019622255807,1.19232761914031,3.06140373162699,0.0022030182144179,0.0110904795280962
"g1237",66.2084801836431,-1.71856617022558,0.561586116026488,-3.06020060179785,0.00221188786880674,0.0110929527965914
"g43",15.2074398431969,-2.8115484963012,0.921711109391733,-3.05035760950808,0.0022856903332534,0.0114198264197264
"g770",420.28913332613,0.98439074234592,0.323006199693795,3.04759086134913,0.00230683774049742,0.0114391504435153
"g1117",11.9168805045123,-2.43715509481968,0.799586279294337,-3.04802015483626,0.00230354476913238,0.0114391504435153
"g467",85.7058678101592,1.21258805206397,0.399729841196705,3.03351895978979,0.00241719521687214,0.0118972731120398
"g1050",191.424997601508,-1.43663287054166,0.473421703749376,-3.0345733183838,0.00240876199463405,0.0118972731120398
"g908",1345.59267573118,1.70880864309443,0.563655536487504,3.03165414420144,0.00243217702516026,0.0119266754863414
"g628",943.373779754861,-1.0568226650667,0.350098665994978,-3.01864236489795,0.0025391007251613,0.0124050529893489
"g321",151.039741978092,-1.30510330508682,0.43529414060815,-2.99821013731878,0.00271570352497792,0.0132190862759955
"g486",12.2502791853298,2.93451154851661,0.979885602743456,2.99474912204103,0.0027467065506495,0.0132626784665268
"g836",56.3195373010909,1.41091164608967,0.471268189303604,2.99386141079156,0.00275471040656713,0.0132626784665268
"g1261",1323.90919131075,-2.54220240387457,0.848718368395572,-2.99534274093818,0.00274136617378324,0.0132626784665268
"g294",212.750734372731,-1.79248404512519,0.600259247395259,-2.98618314153997,0.00282483411805968,0.0135510158417066
"g590",421.979519470538,1.70411195527687,0.571006114781122,2.9844022877585,0.00284132935349321,0.0135809388592961
"g618",2236.39150043875,1.31180674553974,0.439809155412085,2.98267266471664,0.00285743420343241,0.0136087873573544
"g86",89.4283918244914,-1.75292310364008,0.591025829875338,-2.96589931443405,0.00301799275197384,0.0143219440989727
"g231",2986.63862980086,-1.71632907985148,0.58118402641704,-2.95315941567171,0.0031453948318168,0.0148732241333052
"g258",1361.70401819868,-0.927667817576804,0.31475623624055,-2.94725794366101,0.0032060564568939,0.0151061165442261
"g701",36.0569678825432,-2.20381859967952,0.748680037200432,-2.94360539907054,0.00324413337979329,0.0152313212583203
"g598",4141.62345356575,-1.91148969988223,0.649621873553889,-2.94246511347445,0.00325610471231916,0.0152335075586946
"g163",505.582975017516,-1.32295721391039,0.450014124590279,-2.93981264502506,0.00328410760772732,0.0153104171571513
"g542",535.352654163891,0.928535269319393,0.315990018926268,2.93849556538067,0.00329809376321243,0.015321670675415
"g662",6.7315195287356,-6.14629332024059,2.09553121652548,-2.93304784570641,0.00335652161595202,0.0155385825857359
"g278",99.0528762830496,-2.67228471297057,0.912832891800441,-2.92746321585744,0.00341739482747156,0.0157652639427608
"g407",1029.5103364335,1.11526260082622,0.381819621531673,2.92091484547685,0.00349005205692937,0.0160445448728281
"g1402",261.638184263345,-1.80451188075507,0.618754158453792,-2.91636323748413,0.00354137942315615,0.0162241742431099
"g233",8352.40283540725,-0.850817987619605,0.292862445323886,-2.90517955171295,0.00367042477429827,0.0167573875902445
"g1021",1063.65814580361,1.73100842433232,0.597303299641104,2.89803927983055,0.00375503557622211,0.0170847666766944
"g846",902.103429594004,1.14904007886732,0.397014695524354,2.89420037046672,0.00380125507443304,0.0171898542236167
"g1455",79.2172189576706,-2.07531245119077,0.717117196824378,-2.89396553364069,0.00380409915975807,0.0171898542236167
"g699",496.773486183207,-1.92370352441087,0.666528891867788,-2.88615174508062,0.00389984077914766,0.0175625482707194
"g1602",6513.38297611256,1.65469860187374,0.574569034894117,2.87989519340991,0.00397807388229693,0.0178541349835971
"g59",804.52197273251,-1.01266282493764,0.352434571121331,-2.87333567111671,0.0040616231571128,0.0181675306081667
"g427",18.1044615776632,2.07657590229178,0.725425550114956,2.86256239797827,0.00420230506812596,0.0186082003685577
"g661",419.190514510449,-0.897486049814124,0.31352285843507,-2.86258569564551,0.00420199612658328,0.0186082003685577
"g867",3104.88111015991,1.21650091008337,0.424782065584463,2.86382361366781,0.00418561016621749,0.0186082003685577
"g41",3882.30445256474,1.01546137046101,0.355291840523876,2.8581049566568,0.00426179400768576,0.0186841565105164
"g67",2917.23728256743,2.47690584080486,0.866486088553643,2.85856388639702,0.00425563406172708,0.0186841565105164
"g375",511.553183957535,0.793734943674324,0.277634353556211,2.85892193637925,0.0042508337744728,0.0186841565105164
"g1035",1980.5866827732,0.902053665644352,0.317194280901439,2.84385223806934,0.00445717128474223,0.0194762203993357
"g1012",569.118241509454,-1.89332149341046,0.668733161341708,-2.83120623121456,0.00463728102547793,0.0201734118990832
"g1676",1012.80292666021,0.940467536936692,0.332259292202557,2.8305229048744,0.00464719836043835,0.0201734118990832
"g746",164.594552266223,-1.14256858481681,0.404108060097605,-2.82738380556143,0.00469300431863972,0.020305678816598
"g1736",256.387582096813,1.61931808420707,0.574119305460391,2.82052540091562,0.00479450775475361,0.0206772907729439
"g1386",214.070986281375,1.19309906606447,0.423902964342376,2.81455702466102,0.00488445109219352,0.0209967962534552
"g1362",3595.1078935379,-1.71452357801008,0.609446635411044,-2.81324644093525,0.0049044048117658,0.0210143429475014
"g181",385.077532032643,-1.11107258520643,0.396957477437159,-2.79897129632057,0.00512656944270698,0.0218954127165937
"g1143",721.476555438372,0.930317418505644,0.332651632176669,2.79667173859396,0.00516319622101381,0.0219809382528048
"g10",202.978137466685,1.54783366169081,0.554398996004008,2.79191281522383,0.00523974721801527,0.0221595398433821
"g454",2061.44915587507,0.816804959909748,0.292569292024186,2.79183421560943,0.00524102011651036,0.0221595398433821
"g979",189.424640725111,1.26643348634589,0.453764306241849,2.79094999083269,0.00525535914714652,0.0221595398433821
"g552",723.060239768506,0.967362629437878,0.347305209423014,2.78533866809824,0.00534718417412286,0.0224751487191704
"g1678",224.272976988443,0.808364273927519,0.290594318795759,2.78176213931996,0.00540646487552898,0.022652403465824
"g36",770.901990774362,-1.41333499661474,0.509593526155893,-2.77345555638472,0.00554644159247991,0.0230927316617717
"g1224",15.9604324791051,2.01918551434264,0.727982134800508,2.77367454202151,0.00554270982020363,0.0230927316617717
"g948",130.409553488587,1.08224796297712,0.391895988496175,2.76156938255488,0.00575242927086844,0.0238752863781499
"g349",372.595443654842,-0.796489753767898,0.288527093935236,-2.76053712289038,0.00577063992721932,0.0238760226988699
"g347",120.542611547459,-1.45234961481164,0.528032411875708,-2.75049330712961,0.00595056071486435,0.0244675229393801
"g581",93.1756525215676,0.999109252301513,0.363166949984986,2.75110180687647,0.00593951810244223,0.0244675229393801
"g1761",225.148389695394,-1.3201382136149,0.481389140707231,-2.74235146159596,0.00610010325767681,0.0250047576258951
"g943",11.3562591257349,2.51827943659582,0.922419040928834,2.7300818010652,0.00633186120136414,0.0258746426870559
"g815",5.26696286590854,4.00102809205803,1.46716366716514,2.72704960025954,0.00639034324135205,0.0260332752355388
"g260",597.83509817303,-1.26991202952123,0.466206123180197,-2.72392825057423,0.0064510519461305,0.0261999778425668
"g1600",179.510781790455,-1.07409430798827,0.394760908111822,-2.72087302951491,0.00651097646475679,0.026362485747211
"g1549",220.867058007852,-1.38479407011422,0.50964050187773,-2.7171978385,0.00658372405537257,0.0265757641747356
"g361",647.14373460354,0.803073169917925,0.297030828843399,2.70366942396179,0.00685784772163417,0.0275218238955784
"g1064",1324.99384332553,-1.7743686274777,0.656303071219307,-2.70358117352888,0.00685966909784054,0.0275218238955784
"g533",1925.55329916012,-1.05434941110992,0.390159528343389,-2.70235463833644,0.00688502825386076,0.027540113015443
"g180",4.70372422734025,-4.61211803583792,1.70883860626017,-2.69897813575949,0.00695527457102736,0.0277372997953019
"g1318",566.304397973683,-1.26765974614493,0.470695248988919,-2.69316452389936,0.00707773335144646,0.0281408977697151
"g1758",13.142088459901,-2.75301299852169,1.02425782378719,-2.68781251613236,0.007192176583271,0.028510304779194
"g1458",16.115970160747,-3.36767620666247,1.25410518737,-2.68532196547634,0.00724599671520239,0.0286379094057551
"g1416",19.784077076194,-2.27361623213951,0.848555791894167,-2.67939510148683,0.0073755308683935,0.0290631037790268
"g1080",20.8895267300763,1.56265628519777,0.583583391062796,2.67769149898514,0.00741314623656819,0.0291246457484163
"g607",239.325380889054,-0.85038152203262,0.317934619658095,-2.67470564528995,0.00747948885599357,0.0292983527968505
"g660",1381.80674260779,-0.994678050370376,0.373610882114715,-2.66233693392519,0.00776001586622999,0.0303075545925915
"g767",48.5846307869878,1.64736857062822,0.619099757508932,2.66090973328229,0.00779298461121585,0.0303467988977935
"g587",3256.11589801715,-1.08649443974194,0.408561085457165,-2.659319446751,0.00782986846760051,0.0304010142261087
"g239",402.110791878684,-1.06519386655876,0.403694910989182,-2.6386110836738,0.00832464221325362,0.0321336043450373
"g1357",350.540178594353,1.05179745246939,0.398526296327299,2.63921719134333,0.00830977241089857,0.0321336043450373
"g1164",9.99446769693097,-2.7927217155705,1.05960051752808,-2.63563642087074,0.00839796606598186,0.0323224042772092
"g359",460.001413303528,-0.995940382188906,0.378385968444554,-2.63207535491593,0.00848650377659743,0.0325684956527971
"g1374",222.503959935859,-1.38214793099718,0.52590099245968,-2.62815235341688,0.00858500562636016,0.0328512932060718
"g604",1616.05685123158,0.746751412228459,0.284351395241881,2.62615701812626,0.00863549718343278,0.0329492745558069
"g430",68.2911248566266,1.74406870894953,0.665492344659627,2.62071941615128,0.00877444456117147,0.0330979048404303
"g814",1569.73599401745,0.888859165947008,0.338980135878983,2.62215708788415,0.00873751471252894,0.0330979048404303
"g857",44.5383285201126,-1.11775555831065,0.42630007811498,-2.62199238445641,0.00874173843626965,0.0330979048404303
"g1672",4.94980173224551,3.90500528244583,1.48978533128619,2.62118655650508,0.00876242973767953,0.0330979048404303
"g1443",1414.02575652699,0.992531405102286,0.379393766119482,2.61609834883188,0.00889409354228928,0.0334539200283835
"g964",113.20040609858,2.2610010536726,0.864864736209398,2.61428285720413,0.00894149770679088,0.0335369489059239
"g1640",253.042740544096,-1.07450554992137,0.413451612591529,-2.59886651109263,0.0093532137488809,0.0349820762811252
"g1155",706.676818586623,0.820725319279723,0.316124692255215,2.59620757057829,0.00942591030560916,0.0351546626609198
"g1342",244.871839857528,0.922853079949742,0.356813362480344,2.58637477457302,0.00969914068154651,0.0359710427517299
"g1538",49.534325309816,-1.62363551151363,0.627729572219281,-2.58652066649244,0.00969503562787925,0.0359710427517299
"g983",31.8053027556489,-1.53728393047802,0.595664721845487,-2.58078726857487,0.0098575304516111,0.0364563416702042
"g666",750.320744652116,0.963956025852684,0.374064644603104,2.57697710746087,0.00996685512938536,0.0367579838197945
"g1351",1925.54576462682,1.03413612417891,0.401448270056251,2.57601340275799,0.00999467720767563,0.0367582017304515
"g809",114.158385834608,-1.94182227356003,0.754514032761575,-2.57360657223672,0.01006446456002,0.0369123298544776
"g551",1142.6460371424,-1.06421766816334,0.415919621395083,-2.5587099367751,0.0105061362631083,0.0384257580451807
"g960",24.4720381249557,2.69672293387373,1.05516269913064,2.55574134310811,0.0105961851581845,0.0386483447642874
"g211",342.047882900326,1.70448836362824,0.667680578981521,2.55284999636841,0.010684550078326,0.038863583251933
"g1100",147.675513347496,-1.65994337301133,0.65058013694856,-2.55148179100121,0.010726592910492,0.0389096137355929
"g538",2656.06691339047,0.637863189750377,0.251108092940622,2.54019367627952,0.0110791097955706,0.0400785283315177
"g37",182.498502414925,-1.09870839953903,0.433108696135679,-2.53679598064417,0.0111872129597879,0.0403593186887173
"g219",8.34097034465951,-2.50507053402379,0.989317675741297,-2.53211945510499,0.0113375359631429,0.0407904826500033
"g1652",9.09094293548139,2.0981390197274,0.830567742361324,2.52615038210169,0.0115320106206799,0.0413777291647159
"g1121",1711.33940667047,0.891318243057279,0.353220132941702,2.52340724645044,0.0116223716646744,0.0415892434703484
"g1022",467.342139703163,1.68328128423487,0.667414614738508,2.52209233520361,0.0116659081891831,0.0416325133220444
"g1199",2.72673306980916,4.992370213122,1.98139190330286,2.51962784585928,0.0117478969444476,0.0418124074044318
"g383",54.5526423008031,-1.25174074037482,0.497248761852788,-2.51733304616132,0.0118246995666096,0.0419729282203515
"g672",1631.74324868791,0.921435689276432,0.36620619867975,2.51616628172434,0.0118639194666808,0.0419995437804423
"g970",2830.44430797458,-1.48651023963387,0.591051054641631,-2.51502848689641,0.0119022766239804,0.0420229713337336
"g1471",1005.37295074403,0.907276634488574,0.360944427294348,2.51361862348049,0.0119499582311004,0.0420791082393003
"g665",226.503716732995,-0.965120948938431,0.384388158387942,-2.51079781694104,0.0120458666213197,0.0423043167284544
"g1375",724.966720392516,0.920878562918971,0.367093007359862,2.50857015648961,0.0121220893789871,0.0424593818459759
"g277",2205.0632569829,-1.05324796675918,0.420623453251211,-2.50401626114307,0.0122792390472875,0.0428963390464607
"g600",1534.59788590918,-0.887384977150853,0.354930378635736,-2.50016631588916,0.0124135013937718,0.0432512522246153
"g1320",416.801749169926,1.61681270123483,0.650088741174407,2.48706460953932,0.0128802004760937,0.044759541811937
"g1049",48.7944443710874,-1.27244404998234,0.512160436465822,-2.48446377225637,0.0129746709183058,0.0449698018215624
"g1762",916.799374637021,0.873032400774381,0.352141305333492,2.4792104406712,0.0131673593634511,0.0455184955540711
"g825",57.5393982289556,-1.56882966718384,0.633422195857451,-2.47675196329385,0.0132584005504231,0.0457138602311463
"g408",39.6432861867614,1.25804844101568,0.509787249209527,2.46779110887219,0.0135949628721988,0.0467525476436135
"g1244",735.146784064801,-1.41511261818887,0.573978789129618,-2.46544409826493,0.0136843526495638,0.04693803862182
"g764",1729.46922976827,1.13574305679937,0.461145155398387,2.46287539509809,0.0137827806045812,0.0471534923009445
"g620",740.890949189754,0.647660665507676,0.263332933871102,2.45947461256288,0.0139140538148842,0.0474799155951203
"g185",144.449910294183,-1.2324641800013,0.503863767345641,-2.44602660456005,0.0144440341701338,0.0485109190654241
"g236",4573.41878524094,0.955809642597869,0.390403355390687,2.44826185379827,0.0143547289213189,0.0485109190654241
"g275",587.412180828588,-0.771217581866603,0.314765553819375,-2.45013335324855,0.0142803315834478,0.0485109190654241
"g416",171.267478696444,0.812103992830844,0.331792431587452,2.44762663495775,0.0143800582456692,0.0485109190654241
"g803",20.8152219849486,1.6343151243081,0.668346124303208,2.44531248836369,0.014472668452298,0.0485109190654241
"g900",3489.797492358,-1.81936692504056,0.74349120272858,-2.44705911564732,0.0144027213879233,0.0485109190654241
"g1168",348.181996228666,1.11420913712813,0.455008347804719,2.4487663633071,0.0143346396738912,0.0485109190654241
"g380",151.789578128106,-1.03054643573612,0.422378350086193,-2.43986566907565,0.0146927242594553,0.0490004204521884
"g1169",106.146399047558,1.25118422758353,0.512748101762246,2.44015379731954,0.0146810101905755,0.0490004204521884
"g84",30.9456168484855,-2.04888147329579,0.840215357784333,-2.43851942756526,0.0147475659564983,0.0490597420261402
"g456",117.408592243287,-1.72676242586158,0.708913373347284,-2.43578763045237,0.0148594056430777,0.049269406117939
"g1116",61.1409747886258,-1.71152159137573,0.702836100777349,-2.43516459880583,0.0148850169540601,0.049269406117939
"g1272",28.8528776359908,1.40639311339215,0.579279833305191,2.42783026877996,0.0151894499811238,0.050151700187052
"g325",776.363953856965,0.824895129205031,0.340666347982151,2.42141653876611,0.0154601507320459,0.0504168462296277
"g1020",1123.62977363727,0.770376482323507,0.317910498337709,2.4232495823562,0.0153823544509676,0.0504168462296277
"g1275",862.698399116151,0.640485821839156,0.264346095578445,2.4229063056053,0.0153968971965772,0.0504168462296277
"g1383",121.420730668153,-1.84842099947056,0.762430948167672,-2.42437823899045,0.015334624678947,0.0504168462296277
"g1514",56.4705795579727,-2.1580479121125,0.8911332478241,-2.42168936843267,0.0154485496661981,0.0504168462296277
"g1681",167.235739534634,-1.43182229053768,0.593072102685294,-2.41424657146192,0.015767787784311,0.05129373716567
"g348",218.480786413496,-1.27786294447084,0.530690492611762,-2.4079250754652,0.0160434731966322,0.0520626434126007
"g104",2716.87431482106,-0.912585239403187,0.38016092714793,-2.40052350000735,0.0163716394999995,0.0529976789682135
"g1512",9.77232743928447,2.08380760994103,0.870194296706421,2.39464636556225,0.0166364020294907,0.0537234055781604
"g695",4648.99723061892,-1.39735108622257,0.585426312409001,-2.38689491162865,0.0169913474523956,0.054736116853946
"g839",585.666717482515,-1.05205479115048,0.442364153262341,-2.37825507196232,0.017394788632041,0.0558997576427726
"g184",484.9112245815,-0.981978894341209,0.414203281658802,-2.37076560670543,0.0177512844438419,0.0565551925757865
"g946",1141.22406314719,0.695486641738647,0.29323059853844,2.37180787136536,0.0177012926114681,0.0565551925757865
"g1024",69.4504579044996,1.28780035923315,0.54328759710044,2.37038424235381,0.0177696073349903,0.0565551925757865
"g1517",294.858357776925,-0.954860291013833,0.402633804765631,-2.37153532493291,0.0177143532703224,0.0565551925757865
"g1271",467.957433419566,-1.25779254127488,0.531507134042241,-2.36646408056476,0.0179589168458508,0.0570206376592481
"g679",296.817231806499,-0.821627063936392,0.347748010441708,-2.36270816587208,0.0181419495241378,0.0574639740908098
"g663",8.31401424640349,3.01390543005929,1.27622778746633,2.36157327058576,0.0181975754938677,0.0575026013219112
"g741",116.244821691262,-1.62265553411,0.689921720119933,-2.35194151276746,0.018675711189274,0.0588729562252352
"g190",10491.8778200509,1.07989580776364,0.459777387948384,2.34873622772608,0.0188372459705452,0.0592411250950164
"g29",93.3928407065947,-0.946104395893727,0.404082987897344,-2.34136161192236,0.0192135474804338,0.0602813669765268
"g524",2977.39339372894,1.05711295855822,0.452022494253853,2.33862909920706,0.0193546374517202,0.0604375943067868
"g1001",15.2768215291326,1.61609786614274,0.691001680196444,2.33877559557207,0.0193470503858942,0.0604375943067868
"g724",3.80094325434482,5.4502501034007,2.3332829160665,2.33587194500564,0.0194979165407411,0.060655158915582
"g909",738.118124790475,1.52147146711736,0.65144689531144,2.33552646895337,0.0195159348172492,0.060655158915582
"g144",1531.42930593682,-0.625611221734283,0.268145565156422,-2.33310299713267,0.0196427402045059,0.0609062951540183
"g785",224.036430745608,-0.816888915059808,0.350586007231688,-2.33006708256887,0.0198026058823359,0.0612056084612386
"g1599",808.067978284745,0.781676003490628,0.335552912312181,2.32951637374971,0.0198317266086642,0.0612056084612386
"g1139",75.5709318590568,1.14355633865726,0.491593153286788,2.32622511320886,0.0200065446127609,0.0616015466681288
"g973",15.759958731614,-2.47564416008025,1.06480951560909,-2.32496434694625,0.0200738667068321,0.0616654281202916
"g858",236.566126790097,-0.963594048224093,0.41485070455738,-2.32274897363906,0.0201926416968062,0.0618867074226191
"g1042",7992.96226604063,0.94190333401767,0.406390891952108,2.317727470449,0.0204641370862535,0.0625739434230937
"g1548",37.1073570898284,-1.52502284856664,0.658245722507922,-2.31679872184552,0.0205146987051375,0.062584011717977
"g196",194.488613986141,1.12967276216927,0.488621788952641,2.3119574028631,0.0207800308647534,0.0632313978769391
"g297",905.471338923851,0.651374698810981,0.28194075314749,2.31032474567531,0.0208701819276604,0.0632313978769391
"g1422",829.839123505861,0.899383181270805,0.389256840493054,2.3105134906084,0.0208597425293648,0.0632313978769391
"g1222",3.84648735185257,5.48547496989163,2.3793634928573,2.3054379821993,0.0211420563438793,0.0637716233242741
"g1241",2.34751116573287,-4.6241014174384,2.00577961793811,-2.30538857613473,0.0211448207245894,0.0637716233242741
"g1014",1377.47525257732,-0.810599722194261,0.352335567895718,-2.30064687205856,0.0214115993564619,0.0644294489726263
"g939",66.5799276450168,1.02376452967574,0.445748908170811,2.29672919194999,0.0216342230785306,0.0649517264307811
"g1326",2.62840959248303,4.90689048095762,2.14178415165802,2.29102940983061,0.0219617127513872,0.0657857639883182
"g830",2.5598073450268,-4.75375772619925,2.08036890054852,-2.28505517696686,0.022309592599097,0.0666769765264209
"g1621",4.49307488926446,3.11995639429602,1.36601094818436,2.28399076774818,0.0223720735322656,0.0667131201727921
"g1473",683.66081014314,-1.26188420136925,0.554257502089509,-2.27671108936197,0.0228034838735098,0.0678467699966899
"g953",600.177418084624,-0.958030975153365,0.421405809719723,-2.27341662847636,0.0230010850170394,0.0681284934285463
"g1545",86.6077121006472,1.08974862220964,0.479187094312726,2.27416104303188,0.0229563055823566,0.0681284934285463
"g1442",230.687301962463,1.08026858326581,0.475859083183056,2.27014387545115,0.0231988549818036,0.0685609017765804
"g787",851.534146268656,0.735214206281989,0.324368116715152,2.26660441762107,0.0234144019888693,0.0690438045284254
"g922",4891.43831408905,0.897398894306322,0.397023713144446,2.26031560482592,0.0238016701662424,0.0700045253455891
"g1124",539.095318366327,0.73289071871935,0.324345022385784,2.25960217711506,0.0238459523646984,0.0700045253455891
"g1302",1922.09362710224,0.867117764960058,0.384028319896225,2.2579526561853,0.0239486112380554,0.070150356812357
"g810",109.99956864432,-1.2245978528406,0.542850097947799,-2.25586742540913,0.0240789351178334,0.0703764019779501
"g1730",4.81221659871016,3.86843596570066,1.71723666861725,2.25270985438227,0.0242774492030129,0.0708003144158349
"g1367",92.0924491663177,1.39083451917598,0.619665021458509,2.24449415573331,0.0248006245287769,0.0721670920353859
"g1478",109.651368473258,-0.99637673571555,0.44636102033921,-2.23222165537295,0.025600316847675,0.0743307445314072
"g138",317.722656865538,-0.672362975226369,0.301586065432404,-2.229423213776,0.0257857591038875,0.0744118987862959
"g230",51.1389553950339,-1.88982415781396,0.848058819764866,-2.22841165467501,0.0258530766175953,0.0744118987862959
"g269",409.297728845437,-1.03571076729886,0.464596014071899,-2.22927174562152,0.0257958293884008,0.0744118987862959
"g500",479.697693641068,0.979605133684945,0.439511932018543,2.2288476428522,0.0258240437443101,0.0744118987862959
"g732",91.5806825503579,1.1991553500746,0.538478610364917,2.22693218819212,0.0259518062107868,0.0745340377941036
"g1109",67.1423995569143,-1.51703017060684,0.682437908311579,-2.22295706632144,0.0262186951561779,0.0751375592787436
"g1299",6.01611559565766,3.1339648603469,1.41875483137045,2.20895449379344,0.0271778062658396,0.0777179600344959
"g641",28.7563279236879,1.23867900604429,0.561102012074374,2.20758254183574,0.0272733872432705,0.0778231998062288
"g870",3.38983531773466,5.29745784972101,2.40136107523146,2.20602303600278,0.0273823868246045,0.07796619388339
"g312",930.762031610165,-0.653329678022975,0.296852285585698,-2.20085783316082,0.0277460898650384,0.0784953482506641
"g390",1422.53070010401,-1.00164048927049,0.454773864433476,-2.20250231511932,0.027629845775417,0.0784953482506641
"g772",8.51414969074924,3.05610855900098,1.38843043527508,2.20112472426139,0.0277271954180933,0.0784953482506641
"g327",131.631914972554,-0.88608458279003,0.402951508044296,-2.19898564740605,0.0278789428653983,0.0787030284728942
"g522",11.4900445622393,-2.32691582336131,1.06047195065451,-2.19422665722103,0.028219119073155,0.0794938588358664
"g303",76.5778574318718,1.026426610533,0.468279559678616,2.19190991645555,0.0283860119045791,0.0797942245470547
"g1697",3654.51574358536,1.23579989652602,0.564435066236824,2.18944564299538,0.0285644652759063,0.0801257458163133
"g1192",463.153577226384,-1.04476117885007,0.478544439211018,-2.18320618367769,0.0290206295930039,0.0812332211017699
"g457",28.4210188082278,-1.10582624230584,0.507368326898955,-2.17953345464955,0.0292920622002624,0.081820021842083
"g106",309.989072612375,0.709432328035108,0.326021009789226,2.17603254616553,0.0295528270235511,0.0822015608806337
"g1438",1696.34856133314,-0.818392107204543,0.375985180676624,-2.17666054213031,0.0295059043825477,0.0822015608806337
"g977",299.500786286531,-0.742987576478733,0.342293082523713,-2.1706181468837,0.0299600491825671,0.0831595495130373
"g1680",56.2980746739176,-0.896559044486875,0.413589943519762,-2.16774865669343,0.0301778152196812,0.0835887601482384
"g725",682.15909078599,1.10739014269275,0.511532811863371,2.16484674494064,0.0303994236733992,0.0838517436324596
"g1738",1204.21564420338,1.03988806277762,0.480337417621949,2.16491163217284,0.030394453232385,0.0838517436324596
"g903",218.528137251287,-0.853626895672769,0.394746385410515,-2.16246918837532,0.030582029559425,0.0841800564172115
"g1319",2.13414336615178,4.6351794972767,2.14455316044067,2.16137309290307,0.0306665308574534,0.0842375245959923
"g826",498.605581686416,-1.08984984103388,0.504780139496795,-2.15905848062947,0.0308456302309885,0.0843793686484066
"g1099",7.43287779090682,-3.05871302351151,1.41618881020227,-2.15982007588003,0.0307866008687622,0.0843793686484066
"g727",348.401728947361,-1.80646189460465,0.837106366875672,-2.15798369966638,0.0309290991503802,0.0844332521136152
"g917",3089.56997872222,0.929730543884221,0.431753037292395,2.15338506872989,0.0312884280752921,0.0852384336865981
"g1221",3.69109424500435,4.41606772362441,2.05515191212921,2.1487792204369,0.0316519053583772,0.0860515866416661
"g1491",468.798659749207,-0.983289007710171,0.457966123584977,-2.14707804152182,0.0317870691278416,0.0862419662402916
"g1490",50.4912320653559,-1.56766267933326,0.734977358484034,-2.13294009840892,0.032929640410598,0.0891591899869769
"g342",5.91426823264254,-3.24766507785923,1.52719237754049,-2.12655925057033,0.0334567213201592,0.0898871800851432
"g1120",638.163216846932,0.705731291157759,0.331747734336341,2.12731306988296,0.0333940795245497,0.0898871800851432
"g1263",8.63741471385675,1.71354239249427,0.805842473035253,2.12639870673497,0.0334700753640299,0.0898871800851432
"g1542",207.165442029587,-0.897452860168462,0.421617792666616,-2.12859342223752,0.0332879131987489,0.0898871800851432
"g756",81.6070343305733,1.36198361418178,0.641736921628347,2.12233949501592,0.0338092391369426,0.0906142360674332
"g513",432.405262380526,-1.27347256572041,0.601103058969217,-2.11855944952964,0.0341277157578735,0.0912830215422718
"g621",4.05300079427475,-3.56354058263426,1.6829664570449,-2.1174162846308,0.034224533325006,0.0913574236336854
"g1479",134.024940979202,-1.07282827019893,0.507343628929673,-2.11459888135827,0.0344641490912002,0.0918119384240424
"g1264",10.8175879367988,-2.02193384190393,0.957547988051883,-2.11157442460667,0.0347229681323362,0.0921306809763791
"g1554",282.89655652521,0.898285800592253,0.425292477075489,2.1121600992552,0.0346727195939888,0.0921306809763791
"g1510",280.059917543931,-1.03789070760598,0.492885858836467,-2.10574251421227,0.0352267247098103,0.0932803670315777
"g358",1923.04643374524,-1.33769350450921,0.636040780505653,-2.10315681872748,0.0354520635442461,0.093689684895373
"g959",2267.48769976547,1.56413854320744,0.744123666855539,2.10198736161297,0.0355543829204292,0.0937729143160325
"g1111",23.3621568095392,-1.4710299242799,0.701308953608272,-2.09754904270276,0.0359450005507414,0.0946146734178561
"g481",302.164081329893,0.780904737597852,0.372951604797919,2.09385005333595,0.036273339744237,0.0951840355201633
"g887",6.83658910028954,2.87293209869492,1.37231453826867,2.09349388830308,0.0363050890767995,0.0951840355201633
"g399",1514.175702292,0.526919250068441,0.251832143436083,2.09234310949737,0.0364078339675268,0.0952647671403271
"g1404",765.07529282096,-1.0123423474557,0.485209610213529,-2.08640209539584,0.0369422153496687,0.0964723730235924
"g547",16.1308163531663,-1.34114407212634,0.643294207741351,-2.08480669651167,0.0370868506237529,0.0966594295784426
"g1227",635.509562184317,0.669111440891007,0.321256333167569,2.08279610955403,0.0372698123608021,0.0969454451192572
"g768",435.188445509666,-0.91459517825863,0.439686742388469,-2.08010633500196,0.0375157806731429,0.0973939090416494
"g1266",14.9168933106252,-1.80542222835781,0.869451778136268,-2.07650645355843,0.0378471348741746,0.0980618523941431
"g884",3.65248457366182,4.39080077581474,2.11533007481972,2.07570479334718,0.0379212623529675,0.098062014365877
"g1242",6275.91649708159,0.842224293648486,0.406501963963418,2.07188247121059,0.0382764030526377,0.0987874417966711
"g279",3646.49876930445,0.794310832837362,0.384150633224675,2.06770668622795,0.0386676128075551,0.0996029559478657
"g143",1592.03688920313,0.645562565785256,0.312939191636693,2.062900982165,0.0391220367988288,0.100577818876989
"g1197",1039.6799042797,0.701557898534863,0.340496991434658,2.06039382485849,0.0393609067660257,0.100995815035306
"g25",124.771495151818,-1.11084585316908,0.539724450117779,-2.05817218939529,0.0395736072421869,0.101345175993531
"g674",1105.7596362861,1.99674626576943,0.9723983345339,2.0534241934161,0.0400314548912683,0.102319780455674
"g1136",34.3611796722249,-1.45481171821965,0.708849502952398,-2.05235626484928,0.0401350516233743,0.102386913967914
"g23",91.7154458291414,-0.809835978739466,0.39544793752494,-2.04789531539381,0.0405702579924605,0.103298118426957
"g1454",7.85810654691273,-2.42096900746067,1.18728897897587,-2.03907309031786,0.0414427334250236,0.105317042331538
"g392",2.78256053309055,3.95498204270647,1.94255778502144,2.03596622617989,0.0417537467997159,0.105701645818019
"g1639",4054.4047736596,-1.93734573164638,0.95127579829761,-2.03657628535639,0.0416925212644302,0.105701645818019
"g1053",629.307419007468,0.624164916029759,0.306919184905694,2.03364581533587,0.0419873189718613,0.106090096028138
"g1446",1230.36049046923,0.619768053189431,0.304970674020075,2.03222180355818,0.042131206557302,0.106250890441653
"g549",2319.67320557687,-0.662367056757316,0.326381994945362,-2.02942278377887,0.0424152464311128,0.106763852233447
"g281",1422.8349964989,1.77451584133909,0.876578581252491,2.02436596021271,0.0429325114607398,0.107453015451833
"g916",1.8792742403755,4.45996664860495,2.20181637062704,2.02558519779505,0.0428073096650054,0.107453015451833
"g1084",18.4107587002044,1.53504872054636,0.75814944541302,2.02473104720153,0.0428949887641096,0.107453015451833
"g240",1793.25956421356,1.38844120216431,0.686886635601143,2.02135422382936,0.0432431097500314,0.107957560527592
"g1314",286.91440625436,-0.959566103749328,0.474837192835652,-2.02083180978085,0.0432971787312322,0.107957560527592
"g994",15.2779374140682,-1.8049157588881,0.89453365192991,-2.01771700259022,0.0436207430319467,0.108559894312589
"g234",264.317500407463,-0.934373855934788,0.463484707122023,-2.01597559008305,0.0438025283449771,0.10880778147983
"g1526",1748.0342162229,0.947837658103108,0.470497164495889,2.01454488916774,0.0439523569107232,0.108975506647561
"g381",1217.41169521715,-1.24707185823218,0.619752079740179,-2.01221084849767,0.0441977153985986,0.109174953708479
"g1339",142.821183678868,-1.2463947133541,0.619398668995644,-2.01226572762117,0.0441919331641204,0.109174953708479
"g39",507.474513997597,0.722879134251463,0.359468063898302,2.01096900351063,0.0443287308509953,0.109294673457575
"g937",21.870459758993,-7.84425800117268,3.90867086344988,-2.00688629849206,0.0447617710858174,0.110157221036473
"g50",87.5182634543096,-0.947527421877273,0.472657259415788,-2.00468183446168,0.0449970717426147,0.110530840421562
"g808",1025.88829147536,-0.651896056167052,0.326357474346237,-1.99749081118163,0.0457718916659266,0.112225897343864
"g586",46.8996764365402,1.20675954372082,0.604488704107514,1.99633100754549,0.0458979050615054,0.112326850834442
"g541",3.96275981585224,4.48509698218705,2.25642915392567,1.98769678825679,0.0468452343557492,0.114433745916996
"g1433",27.4648001250852,1.41863799412258,0.71470483037913,1.98492851009561,0.0471524258832545,0.114972029225468
"g1559",30.2586681262553,1.53026528098934,0.775470619760399,1.97333753464723,0.0484571192339114,0.117936076959005
"g1363",578.346310073326,-0.857773838583101,0.435306101684046,-1.97050727123896,0.0487802624741816,0.118287669442887
"g1463",133.682193092777,0.730804285230406,0.370741043208567,1.97119876155519,0.0487011455314474,0.118287669442887
"g1204",2.80012042853823,5.00303504332324,2.5440974028294,1.96652653226215,0.0492378205887442,0.118961449743608
"g1338",48.5608357627579,-1.13485196768541,0.577032164535358,-1.96670486921508,0.0492172452183449,0.118961449743608
"g267",42.6783333027973,-1.11736125580339,0.570616333119758,-1.95816556756164,0.0502105880239862,0.12109074415985
"g1102",1780.88750175089,0.758718682762404,0.388014794850351,1.95538596164877,0.0505375318271219,0.121657622071108
"g543",2.8598929942729,5.03287110999543,2.58117681933683,1.94983585482861,0.0511956865411177,0.123018310309328
"g79",13.8816329564836,1.38104261371712,0.710249991823464,1.94444580023366,0.0518417153625661,0.124344983949343
"g53",370.356128650782,0.952419142019446,0.493770410616104,1.92887042548998,0.0537469501562643,0.128681667281906
"g1208",6516.38514975807,-0.83466549979518,0.433127073662447,-1.92706840682434,0.0539711053803573,0.128985096612984
"g1032",2.96600682680838,4.08752810431349,2.12783666287263,1.92097832302374,0.054734440378871,0.130573692002928
"g817",10.3720317170759,1.85987184430689,0.970327594366101,1.91674631856874,0.0552701677372654,0.131205366541302
"g896",1338.67935648639,1.17835908990576,0.614836994227364,1.91653901923476,0.0552965215483736,0.131205366541302
"g975",17.1756626331845,-7.49564952964552,3.90919171903383,-1.91744229200866,0.0551817657091169,0.131205366541302
"g1303",225.073171880421,-0.62298342654732,0.325748149812777,-1.91246957781764,0.0558159910787518,0.132201023592607
"g365",773.75761079269,0.758570401144866,0.396836287790375,1.91154494809097,0.0559345863028838,0.132245343330389
"g200",12.2784198001589,-1.38280729852994,0.724240821373929,-1.90931974243963,0.0562208570235958,0.132528655750072
"g304",65.3784457439257,1.51467323950912,0.79341394743517,1.90905799476494,0.056254610673369,0.132528655750072
"g1285",49133.8916419888,1.56084597608877,0.818748915888398,1.9063792889364,0.0566010138286116,0.133107890424657
"g73",947.220915234437,0.570818914737418,0.300453897470807,1.89985525081391,0.0574521179158708,0.13486986546208
"g1055",269.780206692705,-0.644621357226317,0.339648136134296,-1.89790930273628,0.05770803069727,0.135230854235727
"g74",289.592736306671,-0.835417037724908,0.440660225558259,-1.89583036832186,0.0579824788239978,0.135350592296159
"g248",832.878085694241,-0.616625357757077,0.325140720334464,-1.89648764117509,0.0578955926912493,0.135350592296159
"g895",135.385160800686,1.47537513402878,0.778479613178804,1.89520073365095,0.0580658130092285,0.135350592296159
"g339",1650.1849598623,0.86835816737578,0.460340347705629,1.88633946970702,0.0592492237118339,0.137866383470067
"g906",531.679739216091,0.640952419098512,0.340028131695717,1.88499820853671,0.0594300796831111,0.138044606141121
"g940",72.7387571944259,1.19792596526357,0.635838631056708,1.88400941174763,0.0595637024002997,0.138112682973725
"g603",244.681625328104,0.916320067555964,0.487087104671531,1.8812242384735,0.0599414218720794,0.138503390154683
"g1434",523.605882018131,1.10759031993893,0.588749327302657,1.88125959313335,0.059936614727437,0.138503390154683
"g1176",2.51689758560467,-3.6148812605715,1.92655829497662,-1.8763414893788,0.0606084033757217,0.139800568065254
"g1687",618.47466918777,-0.650617998848698,0.346894586760055,-1.8755495867646,0.0607171544234989,0.139807847750804
"g15",87.6706164327138,-0.906003620022206,0.485760412185706,-1.86512444673207,0.0621639626137047,0.142264684636814
"g21",2258.31573298549,-0.73871875030528,0.395694737291932,-1.8668905110059,0.0619168792486672,0.142264684636814
"g417",460.267817374561,0.567385687974722,0.304359709935168,1.86419446941772,0.0622943997611532,0.142264684636814
"g1108",20.5580263850703,-1.73853826619127,0.93159584410652,-1.86619366884218,0.062014274547716,0.142264684636814
"g1162",287.890888449306,0.593574420721413,0.318475138481659,1.86380143690744,0.0623495939023763,0.142264684636814
"g1616",5.45078562650973,-2.62376342521246,1.40817432899284,-1.86323764834503,0.0624288381978767,0.142264684636814
"g94",2.47604069232204,-3.64875070355859,1.96696682488108,-1.8550138504645,0.0635942487436763,0.143929547583978
"g455",241.060154234001,-0.661769713008326,0.356417871426059,-1.85672427244046,0.0633503923876091,0.143929547583978
"g1313",1286.63936882901,0.958264320543984,0.516569700444756,1.85505328655347,0.0635886175849261,0.143929547583978
"g1682",196.432405494138,-0.896128655165867,0.482794139667813,-1.85612993517786,0.0634350398243863,0.143929547583978
"g1382",153.187495468726,1.83264109967922,0.990819251255021,1.84962201466908,0.0643680475729365,0.145432244004382
"g865",376.586667398641,-0.562453293284324,0.30475177040424,-1.84561124136622,0.0649486730948253,0.146494111035006
"g783",65.7695196265603,-1.17973417784656,0.64270270935965,-1.83558301632488,0.0664193508885046,0.149556497578878
"g899",152.236207173643,-1.39748813683761,0.763009529936136,-1.83154742111096,0.067018876459284,0.150484887430112
"g1046",3.28688847891802,3.28020732565202,1.79121155599366,1.83127856376092,0.0670589755164397,0.150484887430112
"g869",5.69191186243679,3.54817879679929,1.9426062166602,1.8265043972213,0.0677743195133341,0.151576349722389
"g1010",614.257672738295,0.572980549478123,0.313609723315824,1.82704969546208,0.0676922977709151,0.151576349722389
"g681",38.2136029621453,-0.97222706193351,0.532912079160664,-1.82436672005027,0.0680966497779624,0.152040411983174
"g769",587.661849013579,-0.590093706803087,0.323780138897472,-1.82251360078002,0.0683770919549182,0.152409545030828
"g1604",572.437584623479,0.985115393688658,0.54075213429637,1.82175035697362,0.0684928733335897,0.152411032426341
"g726",240.012743926742,0.982267222292156,0.539765394347287,1.81980399740144,0.0687888587750966,0.152812833923201
"g1729",89.1575580590584,0.824267416705408,0.453824554618023,1.81626888258433,0.0693291361457495,0.153755069107156
"g1747",3777.13571413329,-0.812757121638533,0.447798920416594,-1.81500464735916,0.0695231952982517,0.153927609656999
"g1110",933.174118517445,-0.697240488468576,0.384548282167936,-1.81314160223991,0.0698099840581451,0.154304539053396
"g373",4405.02987622489,0.731485067351989,0.404021449198858,1.81051047859579,0.0702166608637148,0.154944764972597
"g987",273.846812392239,0.556614218750313,0.308376804601828,1.80498082360314,0.0710776828772776,0.156583780581557
"g81",41.5301899405667,-0.799370241483288,0.443485860596826,-1.80247063662306,0.0714713904795795,0.156928890538911
"g923",12004.5437541167,-0.741420222580381,0.41122676079314,-1.802947408263,0.0713964745614638,0.156928890538911
"g698",225.86612096076,-1.18773831646468,0.65987558101589,-1.79994282351855,0.0718696668749663,0.157542117454396
"g1179",92.5470720580087,-1.45990028277955,0.811955532484647,-1.79800521626122,0.072176181157586,0.157952502235775
"g1240",544.15193042653,0.535047029507236,0.297886348385791,1.79614484653825,0.0724714836288484,0.158337036839266
"g1163",30.7431545457861,-1.45320381717758,0.812731792768473,-1.78804844366605,0.0737681924371917,0.160904591082112
"g855",108.724495255669,-1.1971628514515,0.671568613393087,-1.7826366920319,0.074645462926896,0.162550317294754
"g649",56.5784121212521,-0.798606926123488,0.448895007002745,-1.77905058792201,0.0752314685949137,0.163557412840174
"g890",5.21860986627403,2.89593605931747,1.63027740834595,1.77634557437414,0.0756759758033692,0.164254085186329
"g52",312.771992253006,0.570613190717985,0.32240941929987,1.76984032277067,0.0767537445352958,0.166320716472556
"g557",2.11579652646951,4.62947991606568,2.62331007389676,1.76474750816966,0.0776062102352684,0.167893173776953
"g861",2.02526340435272,3.50243404906022,1.99079336077437,1.75931571707566,0.0785238984916874,0.16960137292495
"g952",3429.0900802104,0.684210428398119,0.389124182704502,1.75833437963865,0.0786906312579824,0.169684683689851
"g1324",1059.26464800347,0.778303369640677,0.443761146666111,1.75387903039262,0.0794512374392071,0.170971872199127
"g1328",6.594899206208,-2.13328315364629,1.21670553922566,-1.75332739506057,0.0795458257361496,0.170971872199127
"g291",393.108411627659,0.903733008547961,0.517515501620099,1.74629166801535,0.0807602829431463,0.173300834062764
"g692",690.132549629546,0.574245356628627,0.328988993711159,1.74548500893861,0.0809004796911756,0.173320768788214
"g1088",227.293264332604,0.712757669744108,0.408538894783459,1.74465070240594,0.0810456893580176,0.173351361405517
"g579",32.0332883200352,-1.94368555948559,1.11702496341026,-1.74005561482847,0.0818492529032934,0.174787759425743
"g1118",62.6728643719095,-0.928302313317596,0.538322244335942,-1.72443610325396,0.0846291446897113,0.18043315228531
"g16",4.11145774009566,3.53200462721385,2.0493489500078,1.72347643733411,0.0848024026070268,0.18051186664261
"g1311",13.2274815619888,2.26935283250988,1.31953888059979,1.7198074765924,0.0854674431191441,0.181635464991568
"g1508",5.54562342178879,2.63940612650089,1.53611103048469,1.71823915987901,0.0857530014814218,0.181950278784299
"g984",3.22459647103127,3.25088141969542,1.89373990195013,1.7166462069832,0.0860438343909037,0.18227525877369
"g545",693.731165299425,0.549243179250115,0.320652426942199,1.71289263108906,0.0867322942005249,0.183147619651507
"g1498",1019.56436547281,1.00265296208875,0.585107283325145,1.71362242560151,0.0865980922155214,0.183147619651507
"g956",1385.6205905487,0.707894582198873,0.413724229654167,1.7110300327119,0.0870755688638075,0.183579702509046
"g886",930.431420405211,1.46995143947005,0.860968311931972,1.70732350900528,0.0877619388632872,0.184732602631148
"g560",1702.72441302414,1.07265123637654,0.628949557336942,1.70546464953133,0.0881077998557011,0.184872784483278
"g1635",402.259698315779,-0.546835670082396,0.320597215756784,-1.705678163148,0.0880680175453929,0.184872784483278
"g465",44.0604147573739,1.22222570989406,0.719620511735381,1.69843089512086,0.0894264651257781,0.187342784535649
"g1219",735.530029900773,0.521497786213856,0.30754288819654,1.69569125552526,0.0899443654217376,0.188075757045237
"g1376",1584.39364079642,-0.738787457187579,0.436035032379722,-1.69433050632548,0.0902024967701852,0.188075757045237
"g1555",7.99846816487306,1.53671480268868,0.906598886389114,1.69503274905758,0.0900692084113648,0.188075757045237
"g458",142.002315387937,-0.768175097303972,0.454502066902986,-1.69014654331141,0.0909999223872149,0.189440090001058
"g683",1233.84075879817,-0.662309507768176,0.392625629381899,-1.68687283306195,0.091627806894488,0.190349056531289
"g854",7.89833034438223,1.53230647787014,0.908640623667415,1.68637240946318,0.091724092195591,0.190349056531289
"g1129",124.290292316704,-0.909020469495555,0.541474673676845,-1.67878667957435,0.0931936255609542,0.193096025418941
"g1381",1432.11189877119,0.603586187235543,0.35985336345822,1.67731150665102,0.0934815836457421,0.193390026167129
"g1009",40.3544165755359,0.86202734222029,0.515325567957975,1.67278201552497,0.0943702165712583,0.194923817067623
"g843",1088.57003933772,0.736484951148088,0.4407477868955,1.67098956148067,0.0947237396526698,0.195349269937905
"g14",105.449901527998,0.652660949175559,0.391528270773927,1.66695740229807,0.0955228754608751,0.19547494143771
"g124",2436.18390080262,-0.62670695669603,0.375820213525831,-1.66757117935849,0.0954008834770774,0.19547494143771
"g615",2643.83239382579,0.693522640409827,0.415805696790265,1.66790076654396,0.0953354274918227,0.19547494143771
"g1332",32.6893035960741,0.76165493300312,0.456558920338517,1.66825112613809,0.0952658855525083,0.19547494143771
"g1388",1448.26194449654,0.568771823482821,0.340939816315647,1.66824699335276,0.0952667056211585,0.19547494143771
"g1470",120.535339801458,0.676260526436961,0.40628425891409,1.66450092908955,0.0960123655486228,0.196173413559223
"g668",688.048841364831,0.478425811608513,0.288150926248434,1.66033063935401,0.0968479551614863,0.197575797586761
"g998",713.222256237086,0.880170191737595,0.531028543748442,1.65748188510663,0.0974220882998875,0.198136474514671
"g1268",34.2010644706658,0.94022348549282,0.567128343870027,1.65786721058029,0.0973442717160633,0.198136474514671
"g13",61.8333283894469,0.767810566067713,0.46486864119017,1.65167210268677,0.0986014126592581,0.200227408528923
"g1151",131.493060122483,0.890935830324299,0.539885786341897,1.65023020213407,0.0988958618007203,0.200392558795106
"g1259",51.3598915054457,-1.00716177591749,0.610675694936294,-1.64925800104515,0.0990947899258953,0.200392558795106
"g1273",1130.65402406047,-0.553780080795951,0.33585715820468,-1.64885597125926,0.0991771450243962,0.200392558795106
"g1769",598.950616696198,0.740008338174868,0.44894851659184,1.64831447443593,0.0992881560193275,0.200392558795106
"g1294",445.202068110861,-0.977861884058583,0.594000031755537,-1.64623204003637,0.0997159951395974,0.200949737541594
"g990",4.15386718593166,-2.38602157174951,1.45032747802704,-1.64516056400955,0.0999367036803564,0.20108844327172
"g929",17.529487259963,1.16645749043674,0.710997701801932,1.64059249063745,0.100882034836609,0.20268257074912
"g1253",16.5961664715095,-1.41233950603863,0.861344346225557,-1.63969208392387,0.101069205700143,0.202750952040893
"g1283",7.71161015312682,-2.67231561315021,1.63459713916886,-1.63484662313125,0.102081204283621,0.204471277566588
"g1685",145.002612931573,-0.650326908461887,0.398186203194565,-1.63322310829569,0.10242208158383,0.204844163167661
"g1081",3.72307325532259,2.85194436940836,1.7511062021144,1.62865300000921,0.103386497647064,0.206461120489763
"g1361",4.3465066891388,1.91133712342023,1.17550854396711,1.62596616862507,0.103956852522559,0.207287458945584
"g888",53.077280088542,-1.07690872840871,0.662854605804757,-1.62465300682532,0.10423651578159,0.207532551721542
"g1750",17.9645866599746,1.24763735851783,0.769176248730936,1.62204353108447,0.104794027724143,0.208329268328476
"g1655",450.553060690646,-0.6985926250272,0.431875052388973,-1.61758041165574,0.105753053361331,0.209920603673766
"g459",544.373762834939,0.632467236340237,0.391803134663378,1.61424751459334,0.106473749510278,0.210091273251279
"g691",391.488777024922,0.628014029105924,0.388710991743217,1.61563228837324,0.106173838618659,0.210091273251279
"g850",76.0519656722045,1.71628638979009,1.06226163670981,1.61569083404538,0.106161173714989,0.210091273251279
"g1097",105.299080915102,0.796028949014199,0.493001451451925,1.6146584288339,0.10638468472833,0.210091273251279
"g78",1168.33195622517,-0.566970298411237,0.351533659342686,-1.61284782649657,0.106777572553863,0.210252097021838
"g650",12.4258025606497,-1.92621735882994,1.19516139282925,-1.61167970316553,0.107031656641026,0.210252097021838
"g1754",1.94259827160394,-3.26310771940408,2.02380292849301,-1.61236436288483,0.106882674995228,0.210252097021838
"g719",5796.91862000021,1.13219585236887,0.703275580880624,1.60988932809406,0.107422019180787,0.210706301326461
"g469",1679.5151280878,-0.816005692861746,0.507315070191714,-1.60847911053259,0.107730287670658,0.210998374076851
"g1223",7.31600592833119,1.8423285643847,1.15078869613192,1.60092688655807,0.109393113762492,0.213938674477901
"g878",168.102850419061,-0.538088573139236,0.336531736869685,-1.59892370967556,0.109837555098574,0.214491036800164
"g1142",51.0320755497632,0.874152200062001,0.547897186996651,1.59546758189022,0.110607713768159,0.215676896949989
"g26",35.5027827034848,-0.954012984631808,0.5989045763242,-1.59292986286246,0.111175926123424,0.216466067922666
"g1135",671.338896657186,-0.882183740083288,0.554489039060388,-1.59098499327993,0.111612953073521,0.216997870586405
"g66",244.892209579179,1.78058548844667,1.12688406531816,1.58009642983456,0.114084784799868,0.221478379875404
"g872",13.4713059628948,1.88842222617399,1.19749338756777,1.57697925164294,0.114800299282313,0.222541136529695
"g709",247.143001957841,0.53396524724741,0.339130663759811,1.57451184545668,0.115369165198105,0.222880414245142
"g1130",89.7469616132084,-0.783792804620959,0.49774242544873,-1.57469559464284,0.115326725172339,0.222880414245142
"g1460",78.3108347580487,-0.991395552930008,0.62984508970126,-1.57403077223359,0.115480335477468,0.222880414245142
"g580",479.468969871737,-1.03556352291813,0.659222044671996,-1.57088727734125,0.116208834325504,0.22395996600723
"g194",124.254376387339,-0.672398443833891,0.428678737262718,-1.56853696109916,0.116755871130252,0.224361064407045
"g898",18.9221576650145,1.2507065974674,0.797019062488414,1.56923046929706,0.116594246963529,0.224361064407045
"g625",196.311516598787,0.548781933263243,0.35121208562886,1.56253715552136,0.118161499931585,0.226733081028143
"g1596",100.482123684793,0.895548740969367,0.573608935874459,1.56125312030594,0.118464039915069,0.226984643773591
"g156",1933.2277005744,-0.582817513869156,0.373718624589162,-1.55950888053776,0.118875984349666,0.227444802426239
"g924",2.5305506432497,2.81297552508736,1.80798189094246,1.55586487850331,0.119740226543029,0.228438126718978
"g972",924.76888331057,0.494329480982047,0.317698676818944,1.55596959336335,0.119715322990553,0.228438126718978
"g241",325.31840502292,0.590731058845574,0.380350566057414,1.55312259678983,0.120393848603992,0.229354612304583
"g1480",265.504809538705,-0.744395540382596,0.479779736036552,-1.55153601636457,0.120773283094136,0.229746877610109
"g1333",2291.29833712406,0.671290329361424,0.432959213578051,1.55047013277247,0.121028716783551,0.229902469184249
"g1335",712.019165343642,-0.454755521130107,0.293449960385615,-1.54968676953483,0.121216715206516,0.229929700477689
"g712",677.169189148151,-0.538364360591698,0.347887068737069,-1.5475262203511,0.121736406828647,0.230417321232305
"g827",42.0990393429737,-0.705350826609029,0.455896927018591,-1.54717170659995,0.121821846572971,0.230417321232305
"g1327",60.4738104117734,-0.772164628512191,0.499920995173879,-1.54457331451667,0.122449505075045,0.231274100883537
"g367",37.9003424497986,1.14732755597657,0.743662636694269,1.54280650844135,0.122877729867684,0.231752299636486
"g842",183.73665018826,0.764424713606729,0.498244219698023,1.5342369933966,0.124971359832575,0.23536569049549
"g366",966.356697530556,0.966578428568874,0.632275649607733,1.52872948557887,0.126331519520637,0.237589391825744
"g238",855.197606844984,0.666825620757967,0.436423578892303,1.52793215813511,0.126529382857001,0.237623975748468
"g1683",230.800060560052,0.503865751215484,0.331841397765255,1.51839328850682,0.128915282595025,0.241761804753277
"g27",234.446524502201,-0.628297719648789,0.414671981112736,-1.51516800812731,0.129729862566827,0.242945315471682
"g324",403.121075808526,0.63367352570805,0.420512658151255,1.50690713685989,0.131834461851946,0.246250023370791
"g1051",256.973241022675,-0.580936191073191,0.385547575553684,-1.50678211434454,0.131866515536172,0.246250023370791
"g1379",71.0722062697573,-1.53326900531441,1.01978238571497,-1.50352568037292,0.132703539818364,0.247464065802133
"g1256",3075.93505776318,-0.695711821393302,0.465252921015118,-1.4953411144101,0.134825440120143,0.25106734559644
"g76",476.287851761118,0.476225451401895,0.319174346222583,1.49205428643626,0.135684914510493,0.252227901142927
"g902",9.0466917463854,1.78872960845019,1.19928052038368,1.49150226160427,0.13582967788135,0.252227901142927
"g707",1281.63186181413,-0.781692617589682,0.52482270962658,-1.48944129751144,0.136371200566776,0.252508637339221
"g1341",18.0962439916996,1.17792827353636,0.791219251853035,1.48875077391969,0.136553009316376,0.252508637339221
"g1742",1125.657232728,0.405292867196074,0.27214292204145,1.48926477365575,0.136417659949617,0.252508637339221
"g195",513.041937673346,0.763269470059115,0.515930500826171,1.47940365773466,0.139032463130916,0.256377411121634
"g1731",274.629621746715,0.459088583914966,0.310249753902288,1.47973875286152,0.138942979328579,0.256377411121634
"g571",111.490967482229,-0.73246568783293,0.495363728838871,-1.47864214755857,0.139235981819863,0.256395604908899
"g1085",7.5009210635758,1.95165792001274,1.32146518538051,1.47688939640946,0.139705287759057,0.256902501379155
"g875",265.4036485467,-0.700586717106859,0.475240127788329,-1.47417416194892,0.140434704755025,0.257885643683292
"g1634",5.34152010829742,-2.31115314384126,1.56980784089711,-1.47225226147456,0.140952769409344,0.258478485731262
"g64",1461.95511345031,0.461095130056391,0.314970104905901,1.46393299832105,0.143212256149981,0.261535209851828
"g1523",154.172513321735,-0.453938003373521,0.309969566048517,-1.46445991185622,0.143068328679392,0.261535209851828
"g1535",868.348016126901,-0.767299198840339,0.523709078944557,-1.46512487502927,0.142886851130084,0.261535209851828
"g1063",4.71672964460201,-2.75947841436653,1.88702116686221,-1.46234629628191,0.143646337910719,0.261966599715967
"g1059",68.0683875100693,0.598919496143332,0.410184042507047,1.46012383242101,0.144256043762723,0.262716646412442
"g1061",4.61570859277965,-1.95088793256182,1.33879357577368,-1.45719845677809,0.145061606478023,0.263820833759481
"g859",216.343151958592,0.466183615869088,0.320338127301948,1.45528607473461,0.145590080123289,0.264418746341886
"g774",693.896031943151,-0.681369673195639,0.469422197381304,-1.45150714430782,0.146638694310419,0.265958398995883
"g204",289.034603559746,-0.680310441724299,0.469942132738529,-1.44764726192962,0.147715726200829,0.266519512670222
"g757",125.160533911872,0.571409289443035,0.394741128795605,1.44755448003724,0.147741689552758,0.266519512670222
"g1706",549.538429336598,-0.546541646375283,0.377178053900019,-1.44902822612304,0.147329700152752,0.266519512670222
"g1709",18.6931968653174,1.10665280522485,0.76452005168607,1.44751311987728,0.147753264576996,0.266519512670222
"g419",3472.64156296897,1.27305110685791,0.882718136825416,1.44219434692515,0.149247554913034,0.268153258017432
"g776",15.5383453432762,1.28683075530084,0.891777285883734,1.44299566233694,0.149021693149879,0.268153258017432
"g1525",241.464715378841,-0.646556997191179,0.448335718569991,-1.44212689377825,0.149266579425111,0.268153258017432
"g1408",1023.53409637593,-0.654277409068836,0.454432741742025,-1.43976731641458,0.149933240921876,0.268985922737892
"g1419",4.03118012325738,-2.41512142779292,1.67890818913041,-1.43850714614944,0.1502902113182,0.269078181138142
"g1429",625.691154050349,-0.577907154320854,0.402040478440035,-1.4374352467274,0.15059435968532,0.269078181138142
"g1728",10.7137507426655,1.12127566303967,0.77991092745788,1.43769707996587,0.150520021985717,0.269078181138142
"g1461",205.94450421309,-0.436182470197779,0.304535431312883,-1.43228808653677,0.152061391166195,0.271333264021619
"g1686",265.43962837855,-0.892830866451605,0.626588924480087,-1.42490687525706,0.154184121990083,0.274750709979636
"g1764",220.981361251888,-0.778187969953808,0.546724529309566,-1.42336392138203,0.154630685617083,0.275176112576638
"g716",322.265948912078,0.424847343695722,0.29955789053533,1.41824788169155,0.156118407028223,0.277078781374487
"g1226",1377.02244423682,0.670802845884595,0.472781885141373,1.41884210661754,0.15594505374306,0.277078781374487
"g812",351.85015523047,-0.539973420532404,0.381626830502021,-1.41492520277487,0.157090427663349,0.278430691065962
"g801",15.3561096274905,-1.11385932185999,0.791458031700775,-1.40735108779729,0.159323307355684,0.282010773982521
"g592",684.138212339039,0.415466180804763,0.295468037966593,1.40612901369636,0.159685818312682,0.282275064680895
"g363",2.84482376031504,-3.03302574821252,2.1582014847543,-1.40534874507225,0.159917600022756,0.282307869906838
"g296",154.090697018524,-0.724945267259567,0.516777970557018,-1.40281766747559,0.160671217187628,0.282883898346302
"g805",231.759130589236,0.535886076278998,0.381815588458878,1.40352068505635,0.160461628139793,0.282883898346302
"g1544",477.671887289675,0.604350244914964,0.431267960285826,1.40133351087437,0.161114364700909,0.283287408849939
"g477",1751.53062776621,0.576723380465418,0.41229304416795,1.39881908905183,0.161867240476785,0.284233722004328
"g1015",1519.07937722154,-0.56003608815873,0.401062622823274,-1.39638065551052,0.162599897220715,0.28514207141752
"g1702",780.946848197636,-0.393419062643744,0.281937823412895,-1.39541072524911,0.162892018912687,0.285276498730685
"g1425",4.70861499471483,1.73573066493628,1.24856737772447,1.39017781170903,0.164474889439461,0.287668102533483
"g45",53.8828724244445,-0.698892954806617,0.503693504976876,-1.38753616614275,0.165278330936303,0.287932250210087
"g862",266.260448730426,0.499453858970093,0.359592464716468,1.38894417424432,0.164849726416052,0.287932250210087
"g1034",8.13086562135203,1.29268856079172,0.931503117206732,1.38774475029999,0.165214784036044,0.287932250210087
"g1421",771.823629732142,-0.738552864331323,0.532845823968375,-1.386053584564,0.165730541932173,0.288271334680745
"g1439",53.8983815833154,0.781656838503292,0.564181216556962,1.38547122017554,0.165908426757347,0.288271334680745
"g849",689.175173224375,0.443112725675561,0.321335431988117,1.3789725052541,0.167903231283611,0.29135501732569
"g954",1534.34414226734,0.463153365225297,0.336691107198401,1.37560320223242,0.168944514755709,0.292738514079669
"g978",1024.53513890204,0.494457265587493,0.35961479698386,1.37496362701028,0.169142721503736,0.292738514079669
"g1344",524.083828656624,-0.565292077812456,0.41199525722892,-1.37208394488473,0.170037306887316,0.293902603549356
"g505",9.41228721432076,1.21701078922211,0.889718315292826,1.36786078054555,0.171355658070423,0.294845444888833
"g708",78.5843055036428,0.717756178639877,0.524261625711693,1.36908013754681,0.17097422631364,0.294845444888833
"g1177",1.91673587832864,-3.25422894497601,2.37881197786535,-1.36800595223849,0.171310212973702,0.294845444888833
"g1641",6.90653689396883,-1.40045283787531,1.02410890713231,-1.36748428621408,0.171473559338672,0.294845444888833
"g1472",26.1699517618796,1.02011868047337,0.748110329858597,1.3635938975287,0.172695413804639,0.296561255353231
"g218",2108.38367977193,-0.545312776123825,0.400482894097969,-1.36163812277691,0.173312117870388,0.297234772098955
"g1666",528.118055745296,-0.57947128664247,0.428454089771896,-1.35246996230325,0.176225021577462,0.301839493620387
"g329",12.1799816072117,1.52885130490323,1.13124736911707,1.35147390981027,0.176543671979556,0.301994601680791
"g410",3.36650604377386,2.54105811468112,1.88435576025558,1.34850232014387,0.177496874438119,0.303233370007831
"g478",163.459222507274,0.694469329426428,0.516184163979465,1.34539061421895,0.178499124653921,0.304552630208494
"g316",1178.33039273336,-0.82326416866328,0.612926015954627,-1.3431705413598,0.179216758138071,0.305094274221606
"g1366",36115.5253015558,0.79930406810733,0.595170614755826,1.34298308466599,0.179277451166472,0.305094274221606
"g147",4.72330725372979,-1.9650093184758,1.46538793607395,-1.34094820224904,0.179937270596854,0.305431982397737
"g844",1780.05199086667,-0.447317394319513,0.333448726206204,-1.34148778856901,0.179762131836983,0.305431982397737
"g107",1180.74928130656,0.554016812106129,0.413759316194029,1.33898329396486,0.180576111548079,0.306123907413132
"g159",89.2085356661512,0.577938829899296,0.432264555366939,1.33700258955699,0.181221791559305,0.306825641975089
"g11",618.593153529274,-0.748553703579754,0.560621449970927,-1.33522130417695,0.181803926157971,0.307418133120248
"g711",15.0231564910974,1.07804613446579,0.808185112734671,1.33390991429919,0.182233381968287,0.307751272609709
"g700",9.44903791156371,-1.6798822757784,1.26182141659379,-1.33131539351514,0.183085255204421,0.308796022790641
"g572",510.100260571941,-0.452530534906806,0.340452495597953,-1.32920316566341,0.183780950964402,0.309575036993471
"g631",1208.78340724306,1.0588465428952,0.800048566637679,1.32347783253354,0.185676523383113,0.312295843901222
"g715",11.1535695716232,1.13786868413011,0.860130646360378,1.322902153231,0.185867919179881,0.312295843901222
"g1557",491.176123509088,0.471366894869431,0.35667923308905,1.3215428630008,0.186320420408094,0.312659362002936
"g30",226.432456218008,-0.75096220918793,0.570519765669053,-1.31627728674268,0.18808099142742,0.315214218544183
"g1284",204.59784460936,0.597051978695099,0.455973268904983,1.30940127286171,0.190398460542872,0.318694768342304
"g140",58.0698261959068,-0.899753394312203,0.687701872959559,-1.30834803523229,0.190755289446715,0.318888892963953
"g259",702.543366355603,-0.44356321681493,0.33968169832473,-1.30582018107697,0.191613715434013,0.319840263889824
"g1138",144.005123687233,-0.621104532772302,0.475850793317789,-1.30525059849487,0.191807529855378,0.319840263889824
"g214",36.5553514088059,0.785168823927988,0.602887114104122,1.30234799444127,0.192797451856114,0.321086573908799
"g1715",80.9333461292494,-0.484490324254388,0.373139796373056,-1.29841504166446,0.194144753126809,0.322924187361677
"g1156",109.281852214633,-0.751480457557402,0.579656384382911,-1.296424015682,0.194829442590269,0.323656439133647
"g864",2.57656810315503,2.89103268626849,2.23626481660621,1.29279531869395,0.19608185992356,0.325328800173927
"g1252",9.34806625170308,-1.04164873438718,0.807509046556137,-1.28995302136813,0.197066969785859,0.326554027530009
"g1304",6.10912080198067,-1.56184316309722,1.21195841661061,-1.28869368923161,0.197504597308172,0.326870108545025
"g1113",593.792553021501,0.517656149081148,0.40249091552379,1.2861312618882,0.198397255421148,0.327937535802246
"g752",1399.90819259281,0.388667937845833,0.302660188705953,1.28417265418228,0.199081551111173,0.328658321285777
"g1659",582.352216958058,-0.585659633277053,0.458101669368307,-1.27844902657666,0.201091146875707,0.331562488746495
"g941",143.619094685485,0.752238622355973,0.588740782723096,1.27770768465648,0.201352514638899,0.331580509181471
"g761",587.676696890602,-0.364340891487421,0.285643405668306,-1.27550954882011,0.202128946530741,0.332445621374784
"g1431",6.44272518144838,-1.29601746260771,1.01752170916825,-1.27370006057867,0.202769734982017,0.333085768134231
"g1077",30.6147636569109,-0.751161236003855,0.591276879764004,-1.2704052225138,0.203940323918345,0.334593542587223
"g1684",8.027409474204,1.35496465964136,1.07411951286122,1.26146545465134,0.207141198681397,0.339424439423477
"g1269",1510.4170869358,0.538777073691301,0.42748774202001,1.26033338674324,0.207549120791981,0.339672479516171
"g90",2.885623501851,1.83407625279292,1.45736515942363,1.25848778594259,0.208215401695532,0.339922554679266
"g653",17.2842205532411,-0.980313440410894,0.778672717767148,-1.258954395143,0.208046804680978,0.339922554679266
"g819",1806.67782816246,-0.365980027509565,0.291456165435763,-1.25569492401157,0.209226600285882,0.341152732485847
"g397",594.350716851684,0.354561745904018,0.282538572748677,1.25491447930335,0.209509807153314,0.341194323088546
"g651",3.3509562948353,-2.10192993939254,1.67704213419449,-1.25335547422136,0.210076368046135,0.341696696920248
"g1432",584.78145089078,-0.661639385628205,0.528267526363983,-1.25247029697663,0.21039854508932,0.341800826623631
"g693",576.291789776608,0.370704790610732,0.296336137714045,1.25096045818229,0.210948904298888,0.342274937857509
"g879",21.1160752086506,-0.830137876111472,0.665320500169142,-1.24772628515194,0.212131311929709,0.343772162784499
"g1436",3.95581788391176,1.78084537194407,1.42968448334951,1.24562124908277,0.212903477417778,0.344601716505059
"g57",295.154982689086,-0.919852034763553,0.741072990626503,-1.24124350286456,0.214515808608919,0.346787461047874
"g40",16220.0504487811,0.814512806593075,0.659166317967575,1.23567115671881,0.216580823082594,0.349698792391895
"g1630",892.546124992089,0.326580146416489,0.264456534776413,1.23491048044095,0.216863822498499,0.349729233846544
"g1119",39.4170905155252,0.600259844919317,0.487439044803141,1.23145622271958,0.218152280182415,0.351379098493331
"g1609",57.9287517286623,-0.671365743646753,0.546000405020126,-1.22960667698041,0.218844428481464,0.352065641931298
"g823",234.048677909306,0.500071006867223,0.407218412420199,1.22801668985245,0.219440702798094,0.352596469059074
"g208",175.488546383474,-0.537282787100684,0.438535997253668,-1.22517373822313,0.220509767040767,0.353884765529667
"g553",1844.28790755463,-0.478746178784538,0.391303654028672,-1.2234646261429,0.221154256998947,0.354489390153275
"g520",117.285135193727,0.448168421251847,0.366730829861798,1.22206366293431,0.221683553038512,0.354645145073689
"g1708",237.094324030059,-0.761965808381951,0.623647241598331,-1.22178975157354,0.221787145106506,0.354645145073689
"g1756",1777.94138896871,0.490882074091755,0.406590104266636,1.20731436633746,0.227311100058643,0.363039682120197
"g1282",83.1179719757389,-0.684342142653024,0.567425274680123,-1.20604804401568,0.227798966206584,0.363380519587371
"g1165",221.09660683987,0.384634211743367,0.320621280942648,1.19965278228731,0.230274218213623,0.366886961389695
"g966",23.7537441050774,-0.892127304171009,0.744737020175239,-1.19790916793835,0.230952380242073,0.367393404770574
"g1487",1510.58777458006,-1.02894625382486,0.859310388269265,-1.19740930386896,0.231147059043722,0.367393404770574
"g1039",761.692785399848,0.3582056188839,0.299988711813285,1.19406365899144,0.232453067420341,0.3690262125474
"g452",3.25885147004797,-1.70724362452063,1.43271709972364,-1.19161251362879,0.233413216047462,0.369663992878994
"g602",2123.78524731169,-0.334701196605008,0.280738929559723,-1.19221512004022,0.233176906249693,0.369663992878994
"g1276",338.965493596034,-0.497677316444216,0.419112340369212,-1.18745564973294,0.235047940401247,0.371808211578556
"g721",56.7190415139127,-0.609268524823346,0.513643633292954,-1.18616972027346,0.235555281497724,0.372164905085057
"g1499",82.1622133154911,0.762759001241534,0.643428705268109,1.18546001289094,0.235835615835621,0.372164905085057
"g658",15.5293654434151,-1.15212919516963,0.975813593731136,-1.18068574015692,0.237727588394318,0.374703960754854
"g1300",3918.22142865472,0.321765729369571,0.273854977561609,1.17494935543826,0.240014978011703,0.377859489759208
"g503",110.276324032916,-0.555729583434916,0.473270837886051,-1.17423162161688,0.240302263376915,0.377862466402654
"g642",12.7509239245654,-1.20631018173019,1.02890779907223,-1.17241815332523,0.24102921470561,0.378555967105845
"g33",2842.85336188504,-0.285422950839527,0.244175640504841,-1.1689247553499,0.242433948624362,0.380311075804094
"g1037",98.1898394826729,-0.621361226117722,0.533859273786455,-1.16390452808031,0.244462704372627,0.383039787679714
"g247",90.1631619475663,-0.546386188643815,0.472797367131248,-1.15564558229052,0.247826155236709,0.387297077151814
"g1062",1.69074169171923,-4.15184452951921,3.59150136866091,-1.15601919736069,0.24767330471892,0.387297077151814
"g1572",2.41874686171053,2.14791355838371,1.85953534150885,1.1550807938078,0.248057342465814,0.387297077151814
"g49",98.5880129715365,0.524550492947685,0.455379693203663,1.15189697910637,0.249363409752692,0.388258172869529
"g320",140.293495094862,0.510619999722015,0.443463393383483,1.15143664018387,0.249552647365536,0.388258172869529
"g985",2664.2574212356,-0.350471685188019,0.304264440215667,-1.15186541332139,0.249376382713877,0.388258172869529
"g220",24.4510285333361,-0.6951014032749,0.604378887797476,-1.15010867736966,0.250099112847375,0.388651673016343
"g1180",12.2313733283584,-0.902832072071419,0.785874314352884,-1.14882501639571,0.250628141748449,0.389017186019867
"g627",154.93388694765,0.475035889821621,0.416492496355577,1.14056290084051,0.254051863106075,0.393869633199582
"g740",2.31887269761041,2.72191544562282,2.39508502244041,1.13645879796342,0.255764599896209,0.396061204985474
"g525",41.6145910549782,0.702290945570708,0.618930151005606,1.13468530242009,0.256507197641866,0.396747114109616
"g881",201.954085249732,0.360754243474074,0.318558858118499,1.1324571088834,0.257442306857004,0.397728838131474
"g1154",39.4649586377811,0.747574219773056,0.661183267212625,1.13066112959064,0.258197747629879,0.398431023149137
"g1371",137.253692851773,-0.467584121585213,0.414054491339166,-1.1292816075317,0.25877905718175,0.398863180103186
"g1765",205.478170073942,-0.647317438054192,0.574306690826588,-1.12712849840304,0.259688155784491,0.39979897471938
"g1060",16.0162249875017,-0.851909725978475,0.757804388317279,-1.12418156863694,0.260936006929368,0.401253511236333
"g1717",112.901791209793,-0.607562822762875,0.541337873860931,-1.12233570215513,0.261719731611228,0.401991791941143
"g202",49.3983614162067,-0.582874104188097,0.52060489039565,-1.11960935239222,0.262880268408896,0.403113982737614
"g1437",36.1625577577,-0.554761756677692,0.495681673125041,-1.11918956611847,0.263059275744183,0.403113982737614
"g512",784.095142065752,0.352995328614244,0.316753839197577,1.11441531224523,0.265101057309158,0.405773179048931
"g963",406.107513439152,-0.358676710811924,0.322710637932235,-1.11144991410925,0.266374737548425,0.406313539762805
"g1468",14.3137700004256,0.834333301058645,0.750129089901053,1.11225296057869,0.266029402732832,0.406313539762805
"g1771",457.56715833501,0.893857517140708,0.804055856120945,1.1116858491063,0.266273246215893,0.406313539762805
"g502",379.206370765097,0.367056791864224,0.33251846779839,1.10386888973269,0.269650015865992,0.410836157660038
"g475",5084.23080921567,-0.404418054812982,0.368108966018468,-1.09863679547727,0.271926521401846,0.413828407282809
"g840",20.5559822470153,-0.732474536643877,0.667990500260857,-1.09653436142855,0.272844994538605,0.414749452088534
"g1025",185.760005011991,0.437011828676239,0.398829519472664,1.09573591557129,0.273194360401752,0.414804281160459
"g736",556.198847026586,0.401716739624844,0.367098266512732,1.09430301439713,0.273822103693121,0.415281174444091
"g1262",124.702416605392,-0.43504787900162,0.397948535178644,-1.09322648670216,0.274294370471998,0.415521449090304
"g713",596.541838473544,-0.431142730020549,0.395496988797566,-1.09012898260327,0.275656331023504,0.417107408314423
"g273",67.7267947781677,-0.748524394691027,0.68832350275259,-1.08746017199427,0.276833491067209,0.41841043627053
"g1699",59.4608692967371,-0.454207385182498,0.419251162223565,-1.08337776041821,0.278640782884602,0.420661797650186
"g295",65.3214982309661,-0.715696717195556,0.661199612450433,-1.08242156183842,0.279065251651497,0.420822771283123
"g335",446.785269418754,-1.08354632466041,1.00184324067874,-1.08155276261216,0.279451303854673,0.420925513428426
"g1296",92.6079140385172,-0.6410297036484,0.594277629365597,-1.07867042603086,0.280734673886059,0.422378077528571
"g1496",105.367702761613,-0.702486627321601,0.652344885781196,-1.07686385320605,0.281541093748597,0.423110565406518
"g24",153.468559215967,0.539460831403587,0.501583218576828,1.07551610864142,0.282143724106251,0.423535477003034
"g1033",293.238704061459,-0.566160653640135,0.527166812602994,-1.07396869473744,0.2828367126137,0.424094912231641
"g1330",7098.26178228154,-0.616615546956615,0.57542959756634,-1.0715742630627,0.283911298393883,0.42522461433654
"g1658",427.740504569103,-0.403665953647164,0.37792243956792,-1.06811851158845,0.285467056585795,0.427071619118184
"g154",582.81714291982,-0.6687079948487,0.628787280511035,-1.06348842537848,0.287560511436551,0.429552897954146
"g1247",3725.16013994481,0.804180934808391,0.756508450090941,1.06301646030751,0.287774486771395,0.429552897954146
"g391",130.003284967536,-0.537632468815807,0.507405795172466,-1.05957100595011,0.289339809940598,0.431403049956477
"g1292",179.742564062854,0.341741347678673,0.323372052821491,1.05680544962654,0.290600386671978,0.432795176550842
"g682",307.651769588144,-0.411730736807434,0.390409496457452,-1.05461250441767,0.291602582512101,0.433799796905643
"g250",5.43833501826382,1.13896580060636,1.08684663530695,1.04795448005844,0.29465957977917,0.43785553718027
"g1312",68.1274689133538,-0.632106821686699,0.605812225245272,-1.0434038722655,0.296761280876487,0.440484233049853
"g1407",10.8131001042413,1.10334795673015,1.06299587031088,1.03796071795413,0.2992883436258,0.443737700963672
"g206",2331.21289386316,0.403222010300805,0.389222387092657,1.03596818598416,0.300216984858959,0.444616653191569
"g1337",144.934729443052,0.417501450490245,0.405616010963316,1.02930219519368,0.303337692081633,0.448464219743045
"g1481",318.218225464881,-0.338409788813924,0.328881143334491,-1.02897291520828,0.30349240248472,0.448464219743045
"g1467",14.5827682426325,-1.14144994217663,1.11284503927888,-1.02570430013894,0.305030986824281,0.450235258144201
"g739",337.838139106176,-0.357373196290592,0.349065877737209,-1.02379871274509,0.305930358528596,0.451059905002072
"g738",761.403266906145,0.340875006100183,0.333909579618059,1.02086021757774,0.307320669577651,0.452605746964194
"g262",728.614773856038,-0.364202497172422,0.357346425731085,-1.01918606413178,0.30811464138956,0.45276779711407
"g1358",52.6193254905763,0.495223253833443,0.485848733547363,1.01929514196247,0.308062869640561,0.45276779711407
"g1203",223.943264160788,-0.387051002126807,0.3806938750696,-1.01669878995569,0.309296741565658,0.453590986875145
"g1745",145.795102396462,0.465836205898349,0.458244996872415,1.01656583067517,0.309360015973003,0.453590986875145
"g1112",532.823106713202,-0.576027167439392,0.567893406349102,-1.01432268978536,0.310428800661422,0.454654570880224
"g1603",28.1424123189506,0.682220930800836,0.674515331274625,1.01142390568299,0.311813584247408,0.456178105573003
"g824",1.96436179087464,2.31957322969973,2.29876980298122,1.00904980859394,0.312950747277412,0.457336412136086
"g1560",25.0319122529882,0.745376904858408,0.740139785788956,1.0070758513054,0.313898324938844,0.458215415897497
"g1017",1547.82043450298,0.327973170372549,0.328051437588217,0.999761417854944,0.317425981425229,0.462345433891093
"g1566",1.69040189793587,-3.05306732753845,3.05175707744935,-1.00042934285261,0.31710277566443,0.462345433891093
"g1087",555.037906278103,0.439670662833641,0.441558139758137,0.995725416984657,0.319383577051504,0.464685556061748
"g614",40.4378400911609,-0.623557462475575,0.628858283043298,-0.991570723149149,0.321406976787809,0.467116177022019
"g1390",614.58455407851,0.450204772978005,0.458310050782046,0.982314859143475,0.325944756378449,0.473191729654678
"g986",104.227370474131,-0.481911897035197,0.491554851270415,-0.980382750347606,0.326897221252866,0.474054677917628
"g1527",174.539707556046,0.489713154177444,0.501230587532056,0.97702168694189,0.328558415923834,0.475942388055969
"g345",2.10495030135166,-1.87503258822196,1.92568581449694,-0.973696006953132,0.330207500523469,0.477624664740154
"g1494",970.753434635758,0.7350834594242,0.755306400723109,0.973225513143344,0.330441233309654,0.477624664740154
"g609",3220.79291745639,-0.463510032317302,0.478157478967303,-0.969366898366547,0.332362161891588,0.479877319895815
"g480",176.141821853342,-0.339130143139997,0.353270298161336,-0.959973552560364,0.337068525799693,0.486142405401736
"g1597",62.2796076265887,0.565107010612942,0.591509328104684,0.95536449513596,0.339393402411021,0.48896285613949
"g257",275.364130755402,-0.38480773750658,0.403420809013073,-0.953861895344397,0.340153553750206,0.488993816683249
"g1140",15.5096358982272,0.779528367193157,0.816905662119799,0.95424527376925,0.339959502542492,0.488993816683249
"g550",51.3244875781785,0.474543673462501,0.498024852602932,0.952851390813719,0.340665371814882,0.489198429807922
"g1629",1012.77735195838,-0.274630194308943,0.28980574863902,-0.94763542682868,0.34331508443596,0.492469308551692
"g9",881.199587842447,-0.244006570869282,0.257720930036172,-0.946786009328133,0.343747832358365,0.492556417794887
"g1587",13.5621063923457,0.774554500639181,0.823076835612392,0.941047624141786,0.34668045424176,0.496221536666043
"g274",230.278235504468,-0.501062162049293,0.532915546632537,-0.94022808157029,0.347100580467662,0.49628635911359
"g1095",2362.91043372022,0.492377485501658,0.524833650639274,0.9381591384278,0.348162633890459,0.497267882708704
"g643",87.0181461182918,-0.372416692479761,0.398496963835634,-0.934553400094086,0.35001850392443,0.498305913113919
"g913",257.342244031105,-0.802816698429119,0.858931184309697,-0.934669404364826,0.349958699094972,0.498305913113919
"g1531",123.763738558363,0.404354658559644,0.432368772927106,0.935207822299912,0.349681208058938,0.498305913113919
"g488",26.0140290423976,0.674185909695004,0.724513092613839,0.930536544567789,0.352093351899896,0.500721372626704
"g540",31.1806655687568,0.474116405748626,0.514541891517969,0.921434024253919,0.356823871812157,0.506904298582935
"g398",74.8988678022455,-0.572166793791472,0.622498643742289,-0.91914544640895,0.358019501057244,0.506970929839348
"g569",426.884865621473,-0.454550723707562,0.494152658911424,-0.919858904956411,0.357646496418341,0.506970929839348
"g611",813.675919870119,0.271584843801663,0.295358351412556,0.919509614347467,0.357829079140775,0.506970929839348
"g498",298.22682462569,-0.318015208881573,0.347868373176948,-0.914182585721324,0.360620912994134,0.509021416635644
"g677",9.92472621628727,1.19477042609603,1.30544049389658,0.915223965919566,0.360074065573735,0.509021416635644
"g1194",16.5396947565059,-0.886853771414572,0.969704780617203,-0.914560584975257,0.360422358583763,0.509021416635644
"g1373",1405.93296826171,0.341130747266031,0.373659026610821,0.912946625055925,0.361270614026009,0.509395413174053
"g270",292.584445291984,-0.361662962158408,0.396886443744141,-0.911250479473569,0.362163412063976,0.509568924094266
"g1405",17.250094637433,-0.909196237953924,0.997462339430224,-0.911509339263155,0.362027067050183,0.509568924094266
"g217",1016.74190353971,-0.31607521428239,0.347607422521324,-0.909287874205277,0.363198189578527,0.509941042419905
"g1440",585.090813802235,0.538808000056338,0.5920980845997,0.909997877160184,0.362823629319626,0.509941042419905
"g56",12.1497711677631,1.25433826158935,1.38586561676306,0.905093716459386,0.365415740707789,0.512511060060501
"g415",15.9765957743686,0.603621603525709,0.668590637738262,0.902826886071375,0.366617779424677,0.51365284651669
"g811",724.841970395403,0.29473441186435,0.327448396194006,0.900094229472808,0.368070106674253,0.515142517163543
"g573",80.5651736991921,-0.435066288592122,0.488317480504364,-0.890949650507615,0.372956182177567,0.521429762622068
"g1665",16.1515261225546,0.70899386860617,0.802196375387735,0.88381584654192,0.376795630664683,0.52624199894519
"g1115",2.58485455187059,1.69237927005062,1.92295704527908,0.880092082246696,0.378809428048386,0.528497031334102
"g718",171.365208754245,0.307864681908509,0.351035491481181,0.877018675830997,0.380476494237779,0.530264082495599
"g969",28.448183487911,0.572057238481458,0.655430329030154,0.872796410455916,0.382774056491952,0.532345431507715
"g1315",21.6105882877599,-0.582201895789341,0.666991327246454,-0.872877760184454,0.382729709545501,0.532345431507715
"g802",233.147428185483,-0.4021327181072,0.46130650825222,-0.871725655098136,0.383358060941288,0.532598187498705
"g1348",28.6046915196539,0.789608033301395,0.908714766237325,0.868928361944519,0.384886315443854,0.534160882230254
"g734",548.048848028717,0.301697271373033,0.347738927443306,0.867597060792743,0.385614956049293,0.534611729643208
"g807",15.3903387079396,0.602198481102511,0.698602779463894,0.862004129964437,0.388685245166285,0.537742178265582
"g1457",8220.94621490194,0.354014264998147,0.410468006584586,0.862464940797268,0.388431717725224,0.537742178265582
"g1448",2571.82567748273,-0.63317432719911,0.737396383226235,-0.858662100333154,0.390526965849195,0.539726203323939
"g1564",715.272286165349,-0.33137511478145,0.386683508661543,-0.856967280369582,0.39146296764235,0.540455650843036
"g221",186.811044246772,-0.320824502618459,0.375202605354089,-0.855070028939932,0.392512380538806,0.541310844654781
"g704",8.23577430311969,-0.986142521100464,1.1551035308924,-0.853726522971144,0.393256534753249,0.541310844654781
"g1041",61.0076608072452,-0.600452233464311,0.704625804790838,-0.852157598234072,0.394126627074931,0.541310844654781
"g1489",918.311880109619,0.298379736662113,0.350045737425443,0.852402142807598,0.393990931256042,0.541310844654781
"g1509",331.038947037178,1.55482391832572,1.82360326912104,0.85261084176227,0.393875148251069,0.541310844654781
"g626",2066.87546956397,0.242210367001692,0.285486328612189,0.848413190849205,0.396207899026928,0.543605449027619
"g1058",857.437440452283,-0.34312440656317,0.40603310585084,-0.845065098433673,0.398074493589393,0.545601065747781
"g1688",293.34984478305,0.311834240331863,0.370015980307978,0.842758845367466,0.39936332900721,0.546801497006769
"g945",37.7226630897847,-0.371315887155532,0.44154000039251,-0.840956395401205,0.400372362881803,0.547616744272218
"g1288",1355.90919568486,-0.557552804916106,0.66428831791489,-0.839323513419877,0.401287791931784,0.548302411266958
"g313",1360.57230612237,-0.284833768108236,0.343637587682197,-0.828878383268294,0.407173228515037,0.555770468612277
"g1048",5.49901003136845,-0.913404126211233,1.10748194701782,-0.824757576112917,0.409509236523898,0.557808877734198
"g1401",267.196463053741,-0.35528881261085,0.430443085827425,-0.825402531272842,0.409143098312384,0.557808877734198
"g252",734.444317394928,-0.267868024927921,0.325609762182808,-0.822665828973307,0.410698052427817,0.558853259418735
"g438",2895.88042655059,0.255858131689203,0.311940505707425,0.820214518499169,0.412093826784092,0.560176824088438
"g1486",2.34863910339284,1.48193894868702,1.81675796563137,0.815705215951544,0.414668755087955,0.563098904345079
"g806",411.754359497544,0.394129470413487,0.483658764703085,0.814891611972422,0.41513435496004,0.563153571687595
"g1521",1246.96490672065,0.245845198098502,0.302715441107573,0.812132995921865,0.416715321712857,0.56471963761292
"g499",209.570073014453,-0.308018811291788,0.381282848719905,-0.807848588851849,0.419177750098141,0.567475808926318
"g1207",373.901644324078,-0.557238082633982,0.691527778440849,-0.805807228583582,0.420354009415852,0.568486934082317
"g745",16.8788938332965,-0.678555028466423,0.847592366004087,-0.800567649830805,0.423381985128323,0.571481398254743
"g1475",2285.45793874526,0.27828260923492,0.347643709134925,0.800482223387264,0.423431458978779,0.571481398254743
"g845",439.67416290601,-0.264099690027149,0.330912451888751,-0.798095352773055,0.424815158078121,0.572765040015715
"g1594",91.9053608029193,0.42214078844309,0.530005470583391,0.796483832475216,0.425750868974589,0.573442676014605
"g1000",132.716999713844,0.296783432613092,0.373667826286475,0.79424400961286,0.427053392388405,0.574612491384399
"g77",60.4142575907458,0.327534922589224,0.414262748121713,0.790645367159571,0.429150965116724,0.576848606918317
"g1689",45.4506784336568,-0.375238825120332,0.476303939336056,-0.787813818301391,0.430805617105451,0.578485433111173
"g1298",1390.16251066214,-0.308562087069624,0.395392602753545,-0.780394182695311,0.435158890942757,0.583738978326454
"g183",196.983697710619,-0.341200973610912,0.438198113374267,-0.778645464681611,0.436188589375349,0.584499547039913
"g355",7.10632053311337,-0.83501978627403,1.0733833256161,-0.777932511476962,0.436608800621204,0.584499547039913
"g576",8.75998424192964,-0.752491149726003,0.971336402909571,-0.774696745094663,0.438518874795861,0.585871836760565
"g992",4.84000747040701,-1.29790294201216,1.67499431383079,-0.774870058539957,0.438416446216946,0.585871836760565
"g1191",1084.58453677541,0.49228618567913,0.638162976767615,0.771411384866963,0.440463129031189,0.587876192376305
"g558",1410.85065232411,-0.856311017176227,1.1123616891533,-0.769813474813237,0.441410545414819,0.588547393886426
"g232",507.933287844658,-0.375019761247816,0.490502172747751,-0.76456289509787,0.444531871103117,0.591517786271887
"g1751",22.8945284783683,-0.634261466933655,0.829519009609512,-0.764613540601351,0.444501703713519,0.591517786271887
"g19",323.883587972719,-0.241033893172432,0.318926712095231,-0.755765773236515,0.449789641118534,0.597794975997805
"g697",171.914640088253,0.224609866301336,0.297640807624017,0.754633976753165,0.450468631292688,0.597794975997805
"g928",1.72465202864979,1.53738110438226,2.03786199949303,0.754408838657735,0.450603765895626,0.597794975997805
"g1628",141.310542357448,-0.367091188580418,0.487450187814633,-0.753084515622373,0.451399128630039,0.598250697003174
"g1435",530.482509534549,-0.246879292221924,0.328608583349155,-0.751286803606126,0.452480069361779,0.599083611834996
"g1611",4.68561224573734,1.27768260503705,1.71524963720149,0.744896006578757,0.456334589470347,0.603583413045694
"g1038",62.4836846291553,0.384451920228073,0.518013442489787,0.742165914421521,0.457986817552343,0.605164218003295
"g788",166.843936908735,-0.305412978320075,0.412198140695169,-0.740937302155217,0.458731456746422,0.605543817280422
"g566",1034.68358846843,0.230584881949492,0.313642651400835,0.735183435414864,0.46222778578073,0.608339551067283
"g624",3.24858403718736,-1.04757578332103,1.42468712323853,-0.73530234550006,0.462155380067085,0.608339551067283
"g1325",219.262692387718,0.296355690160921,0.40280063562128,0.735737891038383,0.461890225460226,0.608339551067283
"g657",10.8520183500919,0.766374518776656,1.04531864755693,0.733149189070521,0.463467441734388,0.608760806405089
"g1476",8.20848133673356,-0.961600122731342,1.31063133711458,-0.733692301946902,0.463136291278866,0.608760806405089
"g654",6.37562159135201,-0.672646299694969,0.921157309733979,-0.730218707040627,0.465256509541402,0.60929734780694
"g669",205.20745752078,-0.354618918705671,0.485609345045227,-0.730255548670802,0.465233993815897,0.60929734780694
"g1141",834.580649743208,0.331752248433818,0.45369460476277,0.73122370191571,0.464642525086876,0.60929734780694
"g479",32.1287299992966,0.448918404451335,0.61762450698091,0.726846812873004,0.467319802206574,0.611394681938245
"g1349",346.320438312668,-0.400971783367258,0.554618619512412,-0.722968485478849,0.469699246039576,0.613901087617373
"g518",8.64296384833923,0.68958299605348,0.95991364079325,0.718380244584946,0.472522864370778,0.616520953489565
"g523",887.23592933531,-0.595897994946354,0.830585604602009,-0.717443201091704,0.473100671257853,0.616520953489565
"g777",72.0301026722584,0.554054429377568,0.7716066244864,0.718052971287487,0.472724625948326,0.616520953489565
"g97",1531.07398289308,-0.286403162619787,0.403927067700905,-0.709046720364528,0.478295484499161,0.622677700567246
"g1546",58.343294061526,-0.477784608407701,0.6754888574896,-0.707316787109337,0.479369635640819,0.62346306246409
"g1003",1.68291946498112,1.49644049885033,2.1180222522448,0.706527279052107,0.479860294595464,0.623488743910103
"g1153",496.331474511647,-0.266427752220025,0.37867185847176,-0.7035847693971,0.481691399044104,0.625254325818033
"g315",7.84836786585935,-0.932811979267574,1.32831805807761,-0.702250469001058,0.482522976466235,0.62572029465357
"g338",250.869667545918,0.210905459862758,0.300863578995143,0.701000302419995,0.48330282647881,0.62611833880425
"g141",498.194583097358,-0.258295827612665,0.369234716709661,-0.699543720900355,0.484212299834093,0.626298506359729
"g406",625.491502023697,0.254938479205949,0.364581916189627,0.699262546728593,0.484387968664927,0.626298506359729
"g1254",4.06710762146956,0.961405352894106,1.38260648782145,0.695357183235105,0.486831486312718,0.628843793051745
"g293",105.626446379023,-0.345416644405686,0.499190941877448,-0.691952949119189,0.488966877181124,0.630986496479345
"g476",707.456607551759,-0.312150394180835,0.452217412680471,-0.690266198133763,0.490026800483008,0.631738543173809
"g1718",97.2393772379684,-0.384339507163899,0.55985905964437,-0.686493324602154,0.492402072367161,0.634183213826966
"g962",54.1533835348863,-0.318706878653449,0.465679784754966,-0.684390624388275,0.493728534747887,0.635273644320896
"g967",861.05444911172,-0.234358201863656,0.344447406170541,-0.68038892923938,0.496258228997914,0.63790863610994
"g1170",16.3889401243132,0.555239743263531,0.820010237253188,0.6771131847371,0.498334144121228,0.639955777707572
"g384",169.510470494684,-0.275889981112133,0.409790806705481,-0.673245901561714,0.50079086341429,0.640042863178867
"g694",67.1212812766074,0.307187027632538,0.45682319159427,0.672441840267531,0.501302454015472,0.640042863178867
"g901",472.746944501817,-0.26801497199254,0.397988335048218,-0.673424189581006,0.500677463693021,0.640042863178867
"g1040",320.126939646568,0.331271802363476,0.492188582052513,0.673058690191501,0.500909953465566,0.640042863178867
"g1705",58.3731532733557,-0.421833313197592,0.624428993957695,-0.675550490575348,0.499326084350031,0.640042863178867
"g1735",461.742443525751,0.255063363157038,0.378436100434013,0.673993212763042,0.500315628764964,0.640042863178867
"g318",305.222416694568,-0.332335154606321,0.498079781767603,-0.667232774289529,0.504623459453176,0.643042791449476
"g1534",239.706101379385,-0.342949310989551,0.51354406977089,-0.667808920746672,0.504255571471946,0.643042791449476
"g670",196.052673885391,0.305821993407007,0.461305217820508,0.662949348051816,0.50736299493374,0.645912120473338
"g482",22.9565424558933,0.432256380628672,0.65731584918593,0.65760833420343,0.510789837823897,0.649650091526263
"g905",29.4607763041385,0.430290722840552,0.661083568327895,0.650887033735996,0.515119412078035,0.653900385034821
"g1624",24.5359620947879,-0.61972232245101,0.951823831039572,-0.651089311111443,0.514988836036955,0.653900385034821
"g1372",24.7281612645317,-0.35736785474769,0.551583260842865,-0.647894669975305,0.517053078348376,0.655726317752155
"g1384",46978.9372879373,-0.458411096947338,0.717294497478358,-0.639083526443989,0.522768596012244,0.662340307292069
"g12",558.991814759181,-0.278264778272331,0.436905373586238,-0.636899418261346,0.524190361727966,0.663506729376507
"g1249",434.329502015627,0.273955724204885,0.431285933693369,0.635206722043615,0.525293599709037,0.664268124178381
"g382",41.7920992506598,-0.355464060547621,0.566771472402904,-0.627173522055694,0.530545497510828,0.670269311740779
"g1356",22.5766599993638,0.333867178989484,0.533691754308585,0.625580545875249,0.531590102242796,0.670948803974702
"g1477",680.218283083841,-0.211392283042256,0.338548476541607,-0.624407722054173,0.532359855040144,0.671280426736334
"g246",34.7654236095899,-0.337558053092697,0.542204827743787,-0.622565561611352,0.533570047979851,0.671527322742702
"g1403",4.11324912665171,-0.767992613005722,1.23282451279944,-0.622953717282762,0.533314936574525,0.671527322742702
"g1205",11.7511576031231,0.604343381384646,0.973044328608141,0.621085148555471,0.534543600355611,0.672113700732032
"g915",452.103873465524,0.220980517961524,0.357641054219296,0.617883532537694,0.536652114806801,0.672211352889503
"g1211",8.03383294155164,-0.799622479861862,1.29395709108636,-0.617966766726806,0.536597245665999,0.672211352889503
"g1354",8.35057120593914,-0.9602413948959,1.55159362443258,-0.618874284977204,0.535999180136331,0.672211352889503
"g1469",84.8115700211,-0.380604804024724,0.615745070829985,-0.618120748431966,0.536495746213812,0.672211352889503
"g771",62.5822323732159,-0.280711717047445,0.459555533957378,-0.610833068704772,0.541310098653936,0.677405076198309
"g1301",42.885955294049,-0.3048714075397,0.49975996584963,-0.610035673868744,0.541838176405082,0.677425633201444
"g1018",378.322490988477,0.183595680169482,0.301911611668974,0.608110695559407,0.543114059009478,0.678380202008065
"g546",5.04729148022478,-0.838371765990257,1.38449919064397,-0.605541535636655,0.544819235252072,0.679577723262256
"g1045",1007.77009478444,-0.223495999599053,0.369341696346441,-0.605119870867259,0.545099352042686,0.679577723262256
"g818",925.091279894035,-0.282237881498147,0.469694746386899,-0.600896398499764,0.547908992136722,0.682437916828805
"g804",33.2750443931769,-0.409524797489157,0.682481001264726,-0.600053036978691,0.548470889610233,0.682495731056343
"g599",73.7911674181406,0.216913565714814,0.363001837066499,0.59755500817225,0.550136892528311,0.683926052307497
"g1428",1265.56945051802,-0.29882396299649,0.507148012107348,-0.589224360270663,0.555710777808838,0.690207382569326
"g32",182.17942526926,-0.335165440402827,0.575182938651428,-0.582711026145272,0.560087849326304,0.694341116580549
"g319",4343.10155292147,0.203127542949863,0.348171621481055,0.58341211752353,0.559615902431498,0.694341116580549
"g471",452.756640351087,-0.164591563165359,0.283143982140454,-0.581299881145677,0.561038360700821,0.694868839633196
"g1044",944.057703404487,0.379216780255343,0.654104972830083,0.579749116742846,0.56208381571035,0.695496042261077
"g1360",3.00486971103709,0.781710525680565,1.3501259274746,0.578990825798562,0.562595363490645,0.695496042261077
"g1281",245.039056185296,-0.243881366599326,0.42426562024803,-0.574831791594971,0.565405063507761,0.697907960610996
"g1703",49.1248689162024,-0.251102095308297,0.437046905737678,-0.57454266810211,0.565600635751963,0.697907960610996
"g565",579.242144359077,0.1935654077524,0.339842585651865,0.5695737259682,0.56896685298789,0.701133569002039
"g1291",215.687657409067,0.328485405769981,0.577180002820002,0.569121251888593,0.569273857006942,0.701133569002039
"g400",574.252456431633,0.182607951182197,0.321410388173673,0.568145765977935,0.569935993888008,0.701296706233943
"g323",346.731759815948,0.169489082111182,0.299285812029927,0.566311783915216,0.571181851208923,0.702177131848295
"g1008",1098.65900317942,0.166924688889525,0.295453003539972,0.564978818592183,0.572088171349076,0.70263890432855
"g656",532.117497997641,-0.20484261714305,0.363567561536528,-0.5634238001799,0.573146334370592,0.703286141526102
"g1251",549.713087042789,-0.232406533334822,0.416429536906489,-0.558093297274947,0.576780677356906,0.707090385944947
"g91",7.06546323146836,-0.704460942736261,1.26602478397266,-0.556435349176761,0.57791327926316,0.707607783876937
"g150",1271.04573019052,-0.209142006028323,0.376433267283612,-0.555588531102783,0.578492173543499,0.707607783876937
"g1654",1192.59380769658,0.152145182953687,0.274071499389722,0.555129531135018,0.578806064908401,0.707607783876937
"g981",724.815509545249,-0.234417337861213,0.422958140702487,-0.55423294955825,0.579419431182704,0.707704176094004
"g1615",20.9018774530412,-0.569625595565637,1.03497023595931,-0.550378721797397,0.582059640008343,0.710273698959489
"g667",70.464083574204,0.259230711122011,0.472570671097823,0.548554379220773,0.583311301041375,0.71037858863474
"g758",645.220360885396,-0.198778618268592,0.362795746592104,-0.547907796978892,0.583755214829756,0.71037858863474
"g1541",3295.76811541988,0.29062534486192,0.530277861242162,0.548062376545642,0.583649073258817,0.71037858863474
"g1149",335.560849525758,-0.169677812563899,0.310894026878329,-0.545773793943953,0.585221439230184,0.711508893976826
"g385",233.818828827777,-0.245460732585079,0.451032538181292,-0.544219566896116,0.586290388561239,0.71177368911109
"g463",8.73236128569955,-0.503669814039592,0.926044081093138,-0.543893994166066,0.586514422069637,0.71177368911109
"g264",6.31442659520871,-0.595247459665189,1.10238435685031,-0.539963630621455,0.589222114310534,0.714404834566984
"g331",2.65658815315897,-1.01757424332193,1.89142899959651,-0.537992302930219,0.59058236250472,0.715038191167577
"g1246",5.30011995086093,-1.03261904659543,1.92344373831517,-0.536859501541722,0.591364667166539,0.715038191167577
"g1365",7162.26592764004,-0.414357341307523,0.7713591133244,-0.537178253487831,0.591144491170434,0.715038191167577
"g1575",9.33833342089051,-0.550022316460198,1.02919333152648,-0.534420793073363,0.593050436217702,0.716250235131224
"g1743",13906.0816308323,-0.371176435054392,0.695289238125925,-0.53384464292135,0.593449024123076,0.716250235131224
"g644",1100.01883455984,-0.295020788255888,0.554755929150012,-0.531802857353709,0.594862543564119,0.717028907132375
"g710",139.222620861845,-0.244189670204666,0.459565954544175,-0.531348477384203,0.595177317929366,0.717028907132375
"g1547",15.3466302322488,0.482366200177906,0.911842911136019,0.529001425889193,0.596804460740425,0.718335550927566
"g439",1535.98648828504,0.165108141877918,0.314105997643308,0.525644664911528,0.59913511732911,0.720148794564575
"g645",17.9110637631116,-0.441719776165063,0.840946030321275,-0.525265308638544,0.599398770098309,0.720148794564575
"g161",78.4034980045637,-0.401429401205905,0.767326050530777,-0.523153620196039,0.600867353947459,0.721258727675826
"g1200",775.948955882589,0.222392314597753,0.428303148401299,0.519240438525523,0.603593082580116,0.723874312804415
"g137",2.80022721237252,0.955456878118839,1.8450015907192,0.517862360078721,0.604554305348088,0.724370950480424
"g829",1822.19607818719,0.154842380791895,0.300363933564506,0.515515890853922,0.606192568118076,0.725677179193791
"g779",626.426390345911,-0.283109344481411,0.550276650828902,-0.514485475723807,0.606912612464182,0.725882835503683
"g356",105.77231531777,-0.275914948297391,0.544048981304931,-0.507150932689175,0.612048920201203,0.730101299531944
"g690",147.052979051953,0.225485989187782,0.444473788407165,0.507309981080872,0.611937336411639,0.730101299531944
"g1511",2.77858814297571,-1.12612929237841,2.22078256554952,-0.507086695405393,0.612093989788865,0.730101299531944
"g462",417.756594915653,0.152511021867517,0.304425490436079,0.500979801819652,0.616385338032527,0.734552952583957
"g583",2185.77969312794,-0.198590962171872,0.3970247543727,-0.500197934724866,0.616935712442115,0.734552952583957
"g601",187.776369343759,-0.183118147237344,0.368715810307839,-0.496637632881701,0.619444609996943,0.735665612634734
"g760",38.1536644768262,-0.315115241836314,0.634664934240753,-0.496506463230531,0.619537128465051,0.735665612634734
"g1707",12.6593392913897,0.521673706538807,1.04991370630529,0.496872936705062,0.619278657218013,0.735665612634734
"g149",18.3306382453188,-0.340002025399665,0.688851094369927,-0.493578406390796,0.621603954016017,0.736798240928565
"g737",1833.63914046562,0.355184773514735,0.719497199669622,0.493656922748037,0.62154849266371,0.736798240928565
"g751",38.9264157816072,-0.239689675737968,0.487497104473587,-0.491674050037264,0.622949785885086,0.737733020135826
"g1355",163.636012551641,0.215657120231341,0.443135573634826,0.48666171948781,0.626498077412481,0.741272077295911
"g1423",8.70463312704724,0.452656057303901,0.932158627669689,0.485599815168262,0.627250927524195,0.741500203608959
"g934",3.72913896572327,0.733236449890088,1.51756555850227,0.483166243317845,0.628977701777254,0.742216111544638
"g1016",581.361632096238,0.136938005309146,0.282980036769554,0.483914013413822,0.628446894679568,0.742216111544638
"g1622",6907.11276543021,0.345862849096097,0.717769326500419,0.481857940046558,0.629906866464941,0.742650660017437
"g1725",431.042896183297,-0.226483627279061,0.470964075534731,-0.480893637209829,0.630592095187387,0.74279709433105
"g424",83.5680416283883,-0.227741194709528,0.479682986602451,-0.474774384479628,0.634947792688957,0.747260335134051
"g1562",137.160754722798,0.187079868470257,0.394694961577953,0.473985955438422,0.635509922478052,0.747260335134051
"g1103",937.060773043415,0.18311490642773,0.388570237298524,0.471253042180504,0.637460044562458,0.748888286602213
"g276",245.160578857983,-0.195870671929118,0.417812580035735,-0.468800321695353,0.639212369990429,0.750281186052596
"g1107",3.26987843059413,-0.813832890770172,1.74208511031424,-0.467160235715104,0.640385240834951,0.750992080483149
"g364",16.0483301313529,-0.355080916410182,0.762936566479722,-0.465413419687782,0.641635425863062,0.75179230428557
"g1236",15.2005862085812,0.500772627983851,1.08564833468116,0.461265966138953,0.64460779936395,0.754607185108638
"g1317",986.717903966646,-0.126298138741198,0.275022532181589,-0.459228332091015,0.646070207004306,0.755651019499736
"g1076",965.708011020565,0.124571620167931,0.273013035283683,0.456284514175271,0.648185398267445,0.757455840517297
"g996",15.7280870219156,-0.472045847058114,1.03701684082502,-0.455195931709815,0.64896828706999,0.757701950688419
"g148",1157.60311820174,0.131502454723699,0.290428559740781,0.452787614417365,0.65070168304419,0.758662453310079
"g1274",1.93027967794273,1.076191026388,2.38101984158981,0.451987424711853,0.6512780417521,0.758662453310079
"g1410",378.269709695416,0.134512645807456,0.297814746285957,0.451665498384352,0.651509976898459,0.758662453310079
"g340",3481.48301621754,0.203790340926212,0.453517487708508,0.449354978472618,0.653175603353301,0.759933654516495
"g1441",2305.98582491679,0.14868251022633,0.332690261678312,0.446909715590339,0.654940248788238,0.761317725544888
"g563",19.8068584623996,0.281602583689734,0.633036698992497,0.444844010051732,0.656432487151244,0.762175956901773
"g775",891.801168878143,-0.213507832377593,0.480555059940724,-0.44429421345377,0.656829884308854,0.762175956901773
"g18",2429.53997604127,-0.109442296575325,0.247250229334242,-0.442637796009391,0.658027741888637,0.762897311961957
"g951",452.174545908647,0.181187919477247,0.411291760495052,0.440533793478284,0.65955054226044,0.763574186676684
"g1359",22.0063613970948,-0.333558607727264,0.757678544675977,-0.440237631210623,0.659765007219129,0.763574186676684
"g1704",3.51022859180262,-0.662162518335238,1.50783260450548,-0.439148560892412,0.66055389437613,0.763819525025324
"g539",937.226093066509,0.242159814947832,0.553298153339876,0.437666045849027,0.661628386482454,0.764394401136796
"g1520",4.47508994766574,0.674805946022952,1.54596663058994,0.436494509435462,0.662477981985001,0.764708673189312
"g944",312.395629940448,-0.14960174072189,0.344798484677668,-0.433881665291377,0.664374374527314,0.76581698575054
"g1613",2910.92780564473,0.210036186483685,0.485316691568908,0.432781707558193,0.665173363756134,0.76581698575054
"g1772",195.526315548247,0.298680856436776,0.688997791393857,0.433500455542155,0.664651235207774,0.76581698575054
"g1131",196.341175111527,-0.168341385386577,0.390044177152056,-0.431595689021015,0.666035292215687,0.766143116328036
"g1589",84.9593397474344,0.251551481985444,0.587630049424926,0.428077975644065,0.6685943510435,0.768419202067356
"g1125",551.507500351124,-0.180813067015382,0.428441768331929,-0.422024835998947,0.673006889487482,0.772150018788065
"g1713",347.629249703949,0.177245142151993,0.419234395640941,0.422782920473437,0.672453650024622,0.772150018788065
"g254",9.99504817284729,-0.374741817464333,0.898542491564578,-0.417055198816271,0.67663803338637,0.774416536621267
"g723",450.706209121723,-0.194819369018084,0.467282661855345,-0.41691974670011,0.676737109419037,0.774416536621267
"g1606",2.06485228726631,-0.810022365622623,1.93718966046175,-0.418143035839632,0.67584254144557,0.774416536621267
"g1744",443.2283017557,0.127418306316216,0.308585334478888,0.412911088374919,0.679671756773613,0.777103113962231
"g1662",190.481858177573,0.209923228510073,0.513491735453282,0.408815203860612,0.682675281466109,0.779863738275348
"g1414",177.050465211938,-0.194409111562453,0.480059314732233,-0.404968939454681,0.685500342437358,0.782415908092295
"g1307",2405.62001732735,-0.207526709036802,0.523859745548491,-0.396149371659617,0.691994837949121,0.789148290649988
"g1737",235.147344467762,0.120642465659766,0.306234396508276,0.393954653805541,0.693614518484764,0.790314649289008
"g688",61.267577922231,0.213630200148746,0.548903148181592,0.389194707402319,0.697132118316919,0.793639660061566
"g714",135.627737281155,0.236295287476989,0.610855263615821,0.386826964669653,0.698884313360058,0.794303131019608
"g1614",720.993032525364,-0.253332186473108,0.654967589374404,-0.386785835792393,0.698914764076921,0.794303131019608
"g564",231.273178686997,0.137105056437111,0.356579493960919,0.384500675891749,0.700607395041271,0.795543903117189
"g182",1712.81927073146,0.110751981981502,0.289892680806243,0.382044767993041,0.702428158602646,0.796618983305937
"g1610",26.5079834068566,0.430695419555377,1.1286545585687,0.381600744253905,0.702757532100706,0.796618983305937
"g882",6.51663433125531,-0.461204357221773,1.23447211117968,-0.373604517303382,0.70869857261581,0.802666304656401
"g606",34.9606430959017,-0.173355864883415,0.465333864320564,-0.372540831810152,0.709490216804102,0.802865364605712
"g1167",40.8750323496861,-0.174273337122127,0.468805516790489,-0.371739091969795,0.710087116278919,0.802865364605712
"g305",428.653080398484,-0.101843535819597,0.280490390250108,-0.363090998336111,0.716536908726255,0.809466610199284
"g70",563.753449424601,-0.160823302126583,0.445460860396766,-0.36102678467271,0.718079424239537,0.810517610991601
"g160",3998.72672755933,0.230015060839555,0.649983552968253,0.353878278595135,0.723430106235621,0.813293010568519
"g897",348.306645342154,-0.251628566243395,0.705072562258092,-0.356883219845515,0.721179232208349,0.813293010568519
"g976",1935.66432194298,-0.232009966519945,0.657490184491735,-0.352872137094027,0.724184300205659,0.813293010568519
"g1295",128.848238482731,-0.148559708571905,0.417335384150998,-0.355971993302523,0.721861539301158,0.813293010568519
"g1515",497.654450320397,-0.126761714621647,0.359282255120943,-0.352819302414408,0.724223911979066,0.813293010568519
"g1595",24102.7256513051,-0.289595771724069,0.815731642349345,-0.355013532256784,0.722579453443168,0.813293010568519
"g930",1006.03900320881,-0.116798152643326,0.334011498628863,-0.349683029245368,0.726576591272327,0.815243565122509
"g630",29.0661498362921,-0.209104392246644,0.604145866674457,-0.346115737574548,0.729255736672316,0.816942775851885
"g1524",35.6823048270073,0.192621341319773,0.556671253598053,0.346023510419771,0.729325046115505,0.816942775851885
"g1013",133.879693404332,-0.195164212671885,0.56541269379122,-0.345171261301661,0.729965622723278,0.81696913312394
"g1052",1727.02409401939,0.214832353018293,0.62784048052415,0.342176651048274,0.732217955602835,0.818106812842324
"g1114",583.393740800017,0.129967219852472,0.379632100969278,0.342350448027549,0.732087174584362,0.818106812842324
"g162",2881.83865573449,-0.254141778882315,0.746554004494569,-0.340419818730159,0.733540395793583,0.818893325489632
"g548",272.712235248406,-0.112688007159725,0.334717811273325,-0.336665702763294,0.736368920742304,0.81968032079036
"g743",1468.30969035185,-0.116371616200754,0.345772315855944,-0.336555620170691,0.73645191622692,0.81968032079036
"g968",1926.62132856231,0.0874364045962545,0.26071091618759,0.335376845261597,0.737340832372597,0.81968032079036
"g1210",17.9821504405917,-0.33616018731535,0.999963276309924,-0.336172532811257,0.73674076443011,0.81968032079036
"g1607",464.472745353935,0.137507341451199,0.407584808594041,0.33737111529139,0.735837156252557,0.81968032079036
"g1694",10.9964562004867,0.282925963799595,0.85024758092181,0.332757152325981,0.739317604200516,0.821188345605271
"g521",7.47046845489339,0.405649363899163,1.25632968078482,0.32288448653522,0.746782725537507,0.827149841819868
"g848",783.654310420089,-0.103259693106263,0.319085618433542,-0.323611241437914,0.746232376152323,0.827149841819868
"g1336",683.512190110541,-0.0913193981673829,0.283288205193309,-0.322355101600748,0.747183693970213,0.827149841819868
"g1504",355.712308404804,0.114581275285994,0.35367042967842,0.323977538608978,0.745955039481695,0.827149841819868
"g1556",14.6598828456377,0.289414981782184,0.906928677488579,0.319115481697654,0.749638944243717,0.829174571577845
"g177",1883.84587061616,0.128660999480349,0.404913299366019,0.317749502626356,0.750674957968215,0.829627415984905
"g337",23.8105591137638,0.156940377672824,0.509373762222715,0.30810455761992,0.758002773341464,0.836780433201827
"g411",1116.00577445439,-0.107589299239965,0.349806837154519,-0.307567742572282,0.758411268762985,0.836780433201827
"g1420",13.1454545311866,-0.197608413181217,0.647261622134845,-0.305299134729247,0.760138334884302,0.837987639789189
"g1215",13.1050230313886,-0.311180632075004,1.03157679441524,-0.301655323927096,0.762914828905665,0.840213499143192
"g1500",932.653692368975,0.0939019672148897,0.311983144409823,0.300984104101276,0.763426615913338,0.840213499143192
"g1183",19.6751680189595,-0.180181115675404,0.60112698617375,-0.29973885687994,0.764376357030905,0.84056004710043
"g17",1.91660369927275,-0.596264345948606,2.02645540663343,-0.294240052851291,0.768574476794493,0.843801343371004
"g689",117.553581008532,0.120725562126753,0.412627093113654,0.292577884830021,0.769844819762809,0.843801343371004
"g722",392.87191328493,-0.109589814181479,0.374613709562858,-0.292540853108022,0.769873128997109,0.843801343371004
"g755",470.558521126923,0.228028625943763,0.775452502762313,0.294058791649367,0.768712978937758,0.843801343371004
"g1608",657.985167614318,0.102154196195387,0.353050044787108,0.289347636981571,0.772315361498623,0.845777947579965
"g54",1544.08131243774,0.0831630444673905,0.2902298278083,0.286542031518278,0.774463005869236,0.846030544365403
"g414",330.03076585217,0.134375518157792,0.466602448769665,0.287987168760285,0.773356560633009,0.846030544365403
"g1741",15.9766212984777,-0.179859849615144,0.62626651705747,-0.287193782066173,0.773963947068177,0.846030544365403
"g440",1602.14107911331,0.095715521041803,0.337798992007673,0.283350522963161,0.776908151718645,0.848001972692074
"g1605",2029.62282838048,0.0827355074445195,0.292922726524429,0.282448236182246,0.777599832807494,0.848057807773577
"g1173",502.665299784452,-0.0930079000977775,0.330999294371032,-0.280991233756289,0.778717123526193,0.848577342838419
"g1696",190.315900729885,0.183965934592824,0.658419728921068,0.279405258548803,0.77993383598208,0.849204275362067
"g531",47.5977128253736,0.182224483262769,0.657774537173768,0.277031829243079,0.781755666045925,0.850488497818246
"g995",20.970740970558,0.218534776948876,0.812568948299776,0.268943056962907,0.787973502530276,0.856549193226671
"g350",139.05637398976,0.109817113671491,0.409636219286966,0.268084482037853,0.78863429032234,0.856564233295142
"g632",77.8643514239388,0.20814007929497,0.78197457262721,0.266172439080314,0.790106408028281,0.857459741171675
"g100",1755.56042892614,-0.0878953755872476,0.338828706665779,-0.25940947109286,0.795319322898084,0.862061325266209
"g179",9.83575105349195,-0.321192849034284,1.2441025139198,-0.258172333421545,0.796273909035915,0.862061325266209
"g209",1871.3205702472,0.158103268197622,0.612474052993473,0.258138720203559,0.796299849547262,0.862061325266209
"g1128",2062.19600040453,-0.0821493916058706,0.322566246390624,-0.254674481676513,0.798974527161021,0.864250223824503
"g664",1694.85606741395,0.0931897363159124,0.370268632329874,0.251681423104967,0.801287317092722,0.866044414555726
"g1144",1356.3020194387,0.0789116062985017,0.321866334236826,0.245168872617909,0.806325677038459,0.870779116149201
"g1719",230.595190619294,-0.126765834519401,0.519189997875598,-0.244160779364195,0.807106301449935,0.870911771083712
"g158",9.00599004696077,-0.379270363863577,1.58100869359137,-0.23989138415301,0.810414460315659,0.873654709448275
"g1086",471.039087847383,0.0815168595931386,0.340821707977206,0.239177428212966,0.810968004465204,0.873654709448275
"g178",244.659958142111,0.0692457393526733,0.29411261006196,0.235439545887153,0.813867595391042,0.87606560674613
"g1675",5.77585953500541,0.328609951308411,1.44664679656383,0.22715285589333,0.820304885012988,0.881561418634088
"g1726",8.67183219996055,-0.27688182671014,1.21504699451654,-0.227877463143153,0.819741503615614,0.881561418634088
"g99",795.163546773841,0.0704341793657506,0.320294188938696,0.219904643287898,0.825945420006687,0.886903273389176
"g947",319.913775461059,-0.069838655539176,0.322490130309653,-0.216560598217742,0.828550795057471,0.88817349656252
"g1019",11.9942975568856,-0.219973591710535,1.01869049294157,-0.215937611310516,0.829036379060816,0.88817349656252
"g1647",1.82663767303384,0.525154065138852,2.433481123837,0.215803632086865,0.829140817032684,0.88817349656252
"g1563",32.7695732956218,-0.112138227974029,0.524508908959025,-0.213796612523868,0.830705666696846,0.889130398307699
"g82",579.155279654093,0.0705682488170632,0.338456007256471,0.208500506133989,0.834838187484005,0.891991478640736
"g1345",31.0324741992415,0.121878015991108,0.58656924878329,0.207781120888824,0.835399874255674,0.891991478640736
"g1377",628.464549125656,-0.163964338049849,0.788636203581313,-0.207908712921449,0.835300245899892,0.891991478640736
"g453",25.7494293116784,-0.184118265764353,0.890415323285587,-0.20677796186724,0.836183268069345,0.892108498729905
"g1235",38.069198504878,-0.102832449068762,0.514681800928559,-0.199798106098248,0.841638482579111,0.897205596565815
"g68",232.939308080793,-0.0826909682311782,0.421437169896562,-0.196211853480968,0.844444350652267,0.898749453588104
"g286",102.323639865949,0.0875977852710312,0.445304657532273,0.196714280413029,0.844051134294351,0.898749453588104
"g647",3392.57506077719,0.0669582891482906,0.345002924741122,0.194080352213054,0.846112965778387,0.899802061598863
"g705",410.850085157415,0.0778333372415284,0.413981138768665,0.188011795592992,0.850867404528423,0.904131977203557
"g396",19.476898340059,0.128465713242328,0.698707456490266,0.183861946869201,0.854121757825441,0.906430735193031
"g655",39.6011399208095,0.101525264695042,0.553249097397707,0.183507330012072,0.85439996791609,0.906430735193031
"g265",336.492715098414,-0.0783229922666475,0.436873388093882,-0.179280758226949,0.857717254781677,0.90909206985136
"g1540",3816.4152459861,-0.0971914448365037,0.544301426140774,-0.178561804486926,0.858281788001662,0.90909206985136
"g1588",5.3356704880341,0.243551261361813,1.4469277922225,0.16832302390689,0.86632916181434,0.916882342319894
"g1239",316.202653670151,-0.0957330550707822,0.584749577546204,-0.163716330454669,0.869954461167438,0.918516512428778
"g1601",73.7405282450964,0.0732215835521835,0.445403700089421,0.164393747823566,0.869421185131376,0.918516512428778
"g1657",1772.67669345575,0.0762173964780179,0.461052007627537,0.165311928409583,0.86869847047932,0.918516512428778
"g368",4387.02250913076,0.092736006222937,0.57356473627623,0.161683590984009,0.871555027008481,0.919473191840023
"g919",171.310214571591,0.0718897373174982,0.448539477250969,0.160275161861113,0.872664323888413,0.919910481551161
"g31",94.9375547746018,-0.0837972715560627,0.528639326956441,-0.158515016350585,0.874050988919917,0.920639227788361
"g83",255.749161264895,0.0558586054207411,0.362595375898581,0.154052172569252,0.877568598768823,0.923609558640638
"g1464",2651.12900688904,0.0737299482377137,0.490075609479929,0.150446067528144,0.880412698204641,0.925866888342291
"g507",23.4341700951239,-0.131058952512667,0.912739678428447,-0.143588534179125,0.885825395226258,0.928035554273066
"g673",278.97260869502,0.0602577709957996,0.420227198567517,0.143393314857315,0.88597956238758,0.928035554273066
"g1195",612.309271961696,0.0632448073739938,0.439274691445434,0.143975531952198,0.885519790982632,0.928035554273066
"g1417",121.481440805718,-0.058924639554206,0.40512822458123,-0.145446888118237,0.884358046860693,0.928035554273066
"g1775",40.7455305317109,-0.0841148718247147,0.581293034591147,-0.14470304445309,0.884945335334808,0.928035554273066
"g176",37.0445785615973,-0.0786662998040126,0.565209914211525,-0.139180679294618,0.889307375586102,0.930049735605055
"g422",240.120664627141,0.120766591248788,0.864090362097855,0.139761530212637,0.888848409340908,0.930049735605055
"g511",1399.17813602419,-0.0388670936285431,0.307670607728937,-0.126326963486826,0.89947311345411,0.939029931627147
"g883",106.395087734594,-0.0510887553233054,0.407129687612935,-0.125485212397177,0.900139431297721,0.939029931627147
"g1277",377.424210053512,-0.04045574394585,0.324326247643271,-0.124737804108743,0.900731127769242,0.939029931627147
"g1451",931.33346725505,0.039210280085294,0.307741567546087,0.127413012151574,0.898613517968873,0.939029931627147
"g370",46.1999094611147,-0.13235373137271,1.08836633354086,-0.12160770440419,0.90320971154812,0.940873059079237
"g85",1.95709646040106,-0.227393931315812,2.00490817599946,-0.11341862636799,0.909698673287228,0.946143789027722
"g889",6.27799033089577,0.108436213751884,0.951283960515044,0.113989322066541,0.909246258026067,0.946143789027722
"g89",1043.86108365595,-0.0408072610669003,0.39952278870238,-0.102140008582337,0.918645544802623,0.954449611272408
"g1571",3.53289195535913,-0.159206552533366,1.56800747361843,-0.101534307209628,0.919126325054623,0.954449611272408
"g263",56.1841842446893,-0.0445795105315041,0.446551613112442,-0.0998305889453342,0.920478822884004,0.95510498550033
"g1150",617.259438492488,-0.034552096529978,0.351241050660692,-0.0983714644543533,0.921637332823997,0.955558205684395
"g46",695.525098080278,0.028584217438598,0.295054020120695,0.0968779121426825,0.922823349842182,0.956039213764514
"g242",549.24668415057,-0.0283110712691308,0.305613436150729,-0.0926368671015097,0.926192053954658,0.958028668570377
"g354",9.07462119402532,-0.0793698729568563,0.873649330011806,-0.0908486623068592,0.927612842962162,0.958028668570377
"g957",2434.06663983545,0.041731526022666,0.459512458257706,0.090816963224231,0.927638031047752,0.958028668570377
"g997",13.7154691890766,-0.0660795189321024,0.707831300108413,-0.0933548981543788,0.92562162003932,0.958028668570377
"g222",6.36099636751136,0.0978896188443461,1.09481514955428,0.0894120061128117,0.928754482190719,0.958199858420272
"g426",2.25916813548932,-0.166105325601029,1.87083022162454,-0.0887869586887426,0.929251222214222,0.958199858420272
"g423",21.7917878890116,0.0584215436455291,0.717372541225814,0.0814382211308242,0.935093453975002,0.96347372222794
"g1293",10.096660374483,0.0789779966594736,0.989661114747958,0.0798030714580387,0.936393881447634,0.964063374056506
"g487",798.491461189762,-0.034887301709408,0.451471026394837,-0.0772747300928611,0.938404993248763,0.965383225377903
"g608",1234.66980952387,-0.0244905583494419,0.320833847928569,-0.0763340854076422,0.939153308709264,0.965402935350206
"g1692",16.2738448509091,0.0487531048641116,0.658525621217573,0.0740337251783311,0.940983550072105,0.966533917994932
"g1663",61.8379472681126,-0.0414209463779237,0.582526863277889,-0.0711056416262887,0.943313678170111,0.968176209222657
"g1450",17028.7855198689,0.0515511106058678,0.735924212572422,0.0700494829836771,0.944154274610275,0.968288349793962
"g1289",3107.62898104649,-0.0417398013545801,0.618337936238933,-0.067503219369758,0.946181099187052,0.969615925173109
"g203",124.650004955684,-0.0337219336077651,0.521222777005162,-0.0646977359691076,0.948414665482629,0.971153145474866
"g387",2.55458772529435,-0.116470187300507,1.94312592359508,-0.0599395982968614,0.952203741694881,0.97199622092221
"g464",3.55719379118949,0.0892353640755346,1.49702074450661,0.0596086356204404,0.952467340370719,0.97199622092221
"g544",5967.69242386195,0.0232212192882861,0.393216618049563,0.0590545216615417,0.952908681840656,0.97199622092221
"g1189",35.2429318020568,0.0342465269782389,0.557671854784469,0.0614098177708371,0.951032833667956,0.97199622092221
"g1506",3.84876774155589,-0.104158367889246,1.74404502853595,-0.0597222928221539,0.952376816319134,0.97199622092221
"g519",249.562701407837,0.0192236561888102,0.331159614969652,0.0580495184793951,0.953709184954811,0.972063865188737
"g212",228.930482975324,0.020564420834199,0.386900126931255,0.0531517552018092,0.957610995011132,0.973845954714693
"g786",11.8701747327785,-0.0631462109946776,1.16146200952296,-0.0543678660833797,0.956642080125059,0.973845954714693
"g1740",685.197840280541,-0.0178679148126226,0.336590983082919,-0.0530849479358182,0.957664224349343,0.973845954714693
"g213",1173.25879914176,0.0150647551190561,0.29237806098741,0.0515249162956342,0.958907247884482,0.973943752399153
"g860",517.311408459293,-0.0196651367768992,0.384701942432358,-0.051117851530882,0.959231611124241,0.973943752399153
"g69",106.308504014522,-0.0299195436553537,0.61002746335493,-0.0490462240680232,0.960882458762309,0.974125861716154
"g1225",5.9379921563118,-0.0553860708790333,1.12468180573379,-0.0492459917077585,0.960723259623239,0.974125861716154
"g389",1.91553001315132,0.0954482295245494,2.00222176750914,0.0476711576476823,0.961978320822286,0.974490663174221
"g1036",3.52033970326058,-0.055082632948174,1.28582917409156,-0.0428382199269121,0.965830496844593,0.975407763403693
"g1378",211.988239457864,-0.0286817538295815,0.666220124029209,-0.0430514672179491,0.965660506948806,0.975407763403693
"g1501",103.532953055517,0.0226511621058535,0.497239714350283,0.0455538072526056,0.963665887393466,0.975407763403693
"g1727",53.9138414945148,-0.0233816343916542,0.539081841558274,-0.0433730698924436,0.96540414460571,0.975407763403693
"g472",2338.74424009186,-0.0120634689411979,0.322053859007028,-0.0374579238963092,0.970119888451225,0.978066313244411
"g778",3513.07602928082,-0.0297913439547266,0.802973886870594,-0.0371012612512613,0.970404266389261,0.978066313244411
"g1385",6.81505491336394,-0.0318576178158898,0.866719085656838,-0.0367565666235983,0.97067910544045,0.978066313244411
"g1343",4023.57246026503,-0.0162962516565486,0.55347769048246,-0.0294433758338902,0.976510978873784,0.983194323976342
"g1623",1472.83379069235,-0.0129615509663976,0.464138458867839,-0.0279260438749556,0.97772113653249,0.983664730067642
"g1234",785.859627325606,0.00885768955342974,0.411155809291526,0.0215433890346647,0.982812192039549,0.988035947046593
"g1695",525.658960007543,0.00736687882299793,0.371888398587555,0.0198093805856208,0.984195434727442,0.988675838830905
"g517",5338.52824529361,-0.00722227868559863,0.457169047900385,-0.0157978295310411,0.987395680004836,0.99113865074026
"g1449",534.990718905963,-0.00431699871482113,0.310120182935871,-0.0139204055471418,0.988893482034213,0.991890128949468
"g1445",3.83982975755423,0.0106455472154986,1.58173055043355,0.00673031649580306,0.994630024919483,0.99688883648251
"g508",278.765903882552,-0.00271783228927672,0.6533116244044,-0.00416008561267292,0.996680741492054,0.998188579225022
"g1576",1.78524490314853,-0.00617521937902499,1.96774939985589,-0.00313821433739339,0.997496071341648,0.998250036626109
"g261",2.35537031583544,-0.000594402357566685,1.85328479489673,-0.000320729096360933,0.999744095210201,0.999744095210201
"g369",3393.06778229479,-1.83038142231577,1.68781304175209,-1.08446929667973,NA,NA
"g371",5011.1368408412,-1.52741873268802,1.01171485368584,-1.50973243807124,NA,NA
"g914",2052.01462889451,-0.714393840282923,0.819420192139966,-0.87182845521202,NA,NA
"g1054",3541.3442977396,0.930674940586563,0.908110717225531,1.02484743647776,NA,NA
"g1368",892.013350986127,0.101906336877168,0.815976483212723,0.124888816005989,NA,NA
"g1392",4154.37199183307,1.43514643923673,0.869960139491563,1.6496691906775,NA,NA
"g1393",339.710811827123,1.14512423819533,0.954686266868775,1.19947701976605,NA,NA
"g1474",2620.87830810466,-0.241698940235262,0.964158469339012,-0.250683832504174,NA,NA
"g1505",554.399989777735,-0.869562083714656,2.18742304199509,-0.39752808076921,NA,NA
"g1507",432.50982342894,-2.68335240011619,3.6113008751829,-0.743043156153608,NA,NA
